review,character_count,label
Good product and discount a onk kome pelam,42,1
shampoo use kore hair feel korchi soft!! boro recommend korbo,61,1
"Packaging purai khola, security nai.",36,0
"amar jonno 3kg order korsi, pore valo mone korle neighbors er jonno o order dibo vabchilam. bt pkg eto chhera r tape lagano dekhle khub hatash holam!! asha kori valo pkg e valo prod pathaben inshaAllah",201,0
thanks daraz. brash ta onk soft❤️. sobai nite paren😊,52,1
"daras sob chor dia vora,sob batpar daras a",42,0
packet er obostha valo chilo na!! tai prod ta return korechhi. ekhon amar taka kobe pabo othoba prod abar kobe pabo?? 😤,119,0
ha thik Thak paychi Janina vitore ki ache use kora hoyni dekhte to valoi but gate up kalo color diyece,102,1
Return system pura headache. Ami ar parchi na.,46,0
bhai khubi baje kaj hoise amar shate!! jinis ta copy chilo 😤,60,0
sound jemon asha korchilam daam onujayi temon ashanurup painai 😒,64,0
"Device overheat hoy, use kora risky.",36,0
"Ekhon theke shop e giye kinbo, online er upor trust hariye geche.",65,0
"Packaging normal poly, kono safety nai.",39,0
"Jeta order korchilam, sheta naki stock e chilo na, taage ekta onno jinish pathiye dise. E ki osommob dhristhota!",112,0
Daraz er service din din bekar hocche.,38,0
mota muti onek valo.,20,1
"Waterproof bole becheche, pani porle e bekar hoye jay.",54,0
"babohaar kori nai, kore dekhte hobe.",36,0
Alhamdulillah 2 ta order disilam 2 tai paici Alhamdulillah. product quality super🔥 sayle apnaraw nite paren. price hisabe onk vlo quality'r product eta..tnq u daraz,164,1
rice quality ektu niche average. cooking e time beshi lagce,59,0
Daraz ar ageer moto nai. Khub bekar.,36,0
Ami frustrated. Money waste. Kono kajer na ei jinish.,53,0
Seller kono response kore na. Daraz CS o useless.,49,0
Colour totally different. Amar choice chilo na.,47,1
"4 more time I brought  this product. Quality is good.when this product finish my home , I will buy this product. Thanks seller & thanks daraz fore offer price rate product.",172,1
very good sound and battery quality.  and delivery was really quick. packaging was really good. there’s no way to be damaged,124,1
"anar por 1 ghonta kaj korse er por ses ar kaj e kore na
kew nite chyle nij bayette niben build quality o khub bhalo na sohoje e nosto hoe jete pare",147,0
order disi black asche blue....packeting man temon valo na,58,0
"koyek din babohaar korlam, ekhon ekta cholei na🙂 fawl jinish🙂",61,0
"khub e soft brush ta, amr baby akhon daily brush kore,, karon aita dile dat brush korle onk vlo lage,,, khub e norom aita,,, jeshob baby er notun dat tader jonno best,,, 😍😍😍😍thanks for daraz,,, amon onek jinis ase ja hat ar kase pawa jay na,, daraz segulo khub kom a dam a basar kase diye jacce,,, seller vai kew tnx, shob gulo products vlo silo",345,1
mone hochhe valoi hobe. tobe babohaar korle bujha jabe er quality.,66,1
Thanks for the 5-star! 😊 Amader store-e regular offer chole – abar nite ashben! 🛒,81,1
Offline kinbo ekhon theke. Online e trust nai.,46,0
Valo ache,9,1
amr jiboner shbcheye khrp prdct.....,36,0
Product chobi theke pura alada.,31,0
onk valo alhamdulillah.... pakeing o valo cilo,46,1
product vlo delivery o time motoi cilo..,40,1
"batparir ekta limit thaka uchit. 300 taka moolyo 2 packet 72% discount e 95 taka likhe offer likhchen, jekhane coil er gaye moolyo likha 70 taka.",145,0
Alhumdulillah sob tik tak chilo tnx minister 🥰🥰🥰,48,1
Daraz customer loss korche.,27,0
"2ta order korechi, 1ta chhiri gece + lighter er obostha kharap!! keu neben naa 🚫",80,0
"lifeTa chhoto hole hobe ki, kaj boro boro dekhte o khub sundor lage. delivery man taka onek por bkash e niyeche. chaile apnara nite paren.",138,1
Daraz er ekhon value nai.,25,0
"shotti bolte ei coilti onek valo. kintu jevabe daam barteche mone hochhe aaro koydin por dukan theke aante parbo. sorboprothome niyechilam 80 takaay, ar ekhon 110 taka.",168,0
"bazarer theke kom daame paichi, mone hochhe valoi hobe.",55,1
tracksuit quality boro boro!! gym er jonno perfect. will reorder,64,1
Colour chaisilam black disi red...But product valoo,51,1
very poor quality I want to back it,35,1
headphone bajei na 😤 total waste,32,0
jiboner prothom daraz amake ekta valo kichu diyeche. apnioo nite paren. jinishTa valoi ache.,92,1
olpo kichu ache complete kora jai na,36,0
sofa cover fit korce na properly. size chart accurate na,56,0
3ta order korchi 3tai tik moto paichi...packaging darun chilo...ekhon dekhi product kemon hoi...asha kori valo hobe,115,1
thik Thak ace original face wash delivery man ar bebohar o vlo cilo,67,1
Product gulo dekhe authentic mone hocche... kom daam e onk valo paichi Alhamdulillah.. Baki ta use kore buja Jabe..,115,1
ekdom nosto pailam!! prothom daraz theke protarited holam. onek order koresi bt eikbar vishwas venge gelo. ar kichhu newar sahos hobe na 😢,138,0
exeent,6,1
"sounds quality price onujai eto ta bhalo na . 

base bhalo onek .. 

battery backup  10/10

ENC thakar por o Call er performance satisfying na . 

jore kotha bola lage . 

build quality o bhalo . 

overall

8/10.

Thanks for the super fast delivery.. 

kal order korsi ajke paiya gesi.",285,1
nice and good product,21,1
shob kichu e thik ache kintu sound baire shona jay.,51,0
"Used product pathiyeche, notun bole becheche.",45,0
"kharap na, budget onujayi chole, tobe kotha bolar shomoy ektu shomoshya hochhe.",79,0
product ta bhalo e. kom dame exercise korar jonno bhalo ekta jinish. also thanks to the shop and delivery boy,109,1
price ta ektu beshi bt quality oshadharon. worth it 💯,53,1
flash sale te order korle fast delivery pacchi!! daraz trick jani ekhon 😂,73,1
Etto regret. Ki ar bolbo.,25,0
sob thik moto ache. thank  you daraz,36,1
"Asole jinis ta khuboi vlo... apnara chaile nite paren.. Ami akta neyar por bebohar kore vlo paichi tai arekta order disi...
asolei aita premium vive ase",152,1
it's good. my children are so happy with this toy. tnx to seller.,65,0
valo...khub soft,16,1
"good discount, product o valoi ase so chole",43,1
Jal product beche Daraz. Shame!,31,0
kine apsos hcche.,17,0
treadmill delivery late r assembly service pathay nai. frustrating,66,0
"awesome Packaging and nice products,  Prize chilo 130 tk ami paichi only 92 tk",78,1
rose water ta genuine mone hocce!! skin refresh feel. good buy,62,1
it's a good product quality. next time abar order dibo,54,1
daam hisebe jinish thik ache. dhonnobad seller.,47,1
"product ti onek valo r fast delivery chilo r ami vule amar onno product ta valo na hoyai return korte giye eitai refund kore felechi r ami ta cancel korte chai . asa kori help korben 
Thanks 👍",192,1
Vary nice my son really like it,31,1
Ami online shopping er upor theke trust haralam.,48,0
Very good product. my pricing 270.,34,1
"packaging khubi baje!! 5kg er modhye 3kg thik ache. 1kg er 1 packet ektu chhera, anoyta chhera + stapler pin diye atka ache. 1 packet return request pathiyechi 😤",161,0
"Battery backup zero, ekdom chalu kortei off hoye jay. Ki beche Daraz?",69,0
"khub e low quality  1 week por right side chire gese, seller kono massage response kore nah.",92,0
minister er brand ta valo. asa kori detergent O valoi hobe.,59,1
ektu late deliver hoilo bt product ta masha allah khub valo. 5 star,67,1
Amar nittodiner shongi. Shob somoy kini,39,1
"Delivery late, product broken. Ei Daraz keno erokom hoy!",56,0
ponno quality vlo chilo..,25,1
motamuti valo,13,0
amr bisshash shob sesh,22,0
4 ta light niyechi. 3 ta valo. ekti light jole kintu motor ghore na.,68,0
ata khub e soft amr kache Valo lagche,37,1
"its may be duplicated 
but price range not Higher than",54,0
packet ager thke chra chlo,26,0
"khub baje coil, 8 ghonta chole, ar chokh jole 12 ghonta.",56,0
"offer chilo 4ta er shathe 1ta dibe, dilo 4ta!! ei rokom dhokabaji customer der shathe bondho koren 😡",100,0
valo chole,10,1
jinis ta 2 din use korte na korte nosto!! 500tk er product 2 din o tikhe na. daraz quality check kore na? 😡,107,0
date + pkg thik ache bt packet chhera!! eto chhera packet dewa thik hoy ni 😒,76,0
I bought it for the first time and haven't used it yet.,55,0
Review system pura manipulated. Daraz er shob jhoot.,52,0
Next time onno site theke kinbo.,32,0
"motamuti thik ache, eto kharap na bt delivery onek deri hoiche!! charger cable nei, shob phone e connect hoy na. dara khayen na, ektu daam diye valo ta niben ❤️‍🩹",162,0
jinish valo aga nisi. abar nilam. r o nibo. InshAllah,53,1
"Warranty card blank, etar mane ki?",34,0
"Quality is quit good., You can buy this. Seller is Trustworthy.",63,1
"ki ekta product dilo amake daraz! khuboi baje, eka eka baarbaar on off hoye hoy😩",80,0
khub Valo products.no smoke products,36,1
it is very nice .  Any one can rely on them,43,1
khub soft ebong Valo ekti jinis,31,1
delivery man product ta door e throw kore diye gelo!! box crush hoye gelo. kono care nai 😡,90,0
Vai jinis thik ase but colour ta thik pailam na . chaisilam black dilen pink😠,77,0
khub baje product.charger port valon abong packaging valona,59,0
"total rubbish!! taka nosto + kapor nosto. keu kinben na!! faltu prod. 2kg niyechi, kono kajer na. shosta khujhle bipod 😡",120,0
oats quality good!! breakfast e khub fill feel hocce. healthy choice,68,1
dam arktu kom hole valo hoto,28,0
jmn ta asha krchilam tmn ta na,30,0
ekdom baje jinis bhai 😡,23,0
akhono use kori nai but 3kg nisi.. dam kom tai nilam akhon Dekhi Kemon hoy..,76,0
facewash ta vitore kom kom mone holo,36,0
facewash pichon dike fete ber hochhe!! ki akta obostha. beshit ta khub kharap laglo 😤,85,0
products of very cohise ful..,29,1
backlight nai to..!!!,21,0
"Received in good condition.
Genuine product.
Considering the price and quality, I am highly satisfied.
A lot of thanks to Daraz and the seller.
More thanks to Daraz for the free gift.",183,1
usefull,7,1
Nice But choice e 5 products nicilam daraz bolcilo gift dei but kichu deini.. gift jokhn dibeni nah to mittha kn bolen,118,0
"finishing+ color+ quality it's amazing .. pochondo hobei.. mashallah.. seller bhaiya well mannered. inshallah next time aro nibo...bhaiya sundor sundor quality ful toys anben...
& packaging valo chilo .. r delivery man vaiyar behavior o onek valo .
r fast delivery peyechi...",275,1
"Rong dekhechilam light blue, esheche dark navy. Amar pochondoi hoy nai.",71,0
"facewash ta onk valo ,,sathe extra oiduita gift paisi,,onk dhonnobad",68,1
Seller chat e reply dei na. CS o useless.,41,0
order korar shomoy vabchilam vanga pabo kintu valo vabe peyechi. apnara order korte paren.,90,1
Daraz er reputation ekhon bekar.,32,0
Goood quality 🩶,15,1
..but arektu valo asha korechilam,33,0
vlo onak tat ahavvsisisvisviwvusbw,34,1
seems nice and product is authentic,35,1
"etar age jatogulo product order diyechi shobgulo chilo valo, kintu idanong ei je productTa asheche khuboi kharap. mone hocche puran puran. ei product ta ami return korte chacchi.",178,0
"chobi te jemon dekhci!
temontai!
amar baby khub pocondo korce",61,1
"Camera quality zero, photo tule puro jhapse hoye jay.",53,0
alhamdulillah!  onek valo caile apnara sobai nite paren 😍,57,1
kom dame valo jinis ...bahire ae dame kono sabaner gura e dekhini,65,0
Khub bhalo akti product....,27,1
Ear phone ta valoi. Bt black color ta paile khusi hoitam,56,1
Product ta hathat kore kaj kora bondho kore dilo.,49,0
"khuboi baje product. ekTa valo, dan kaner ta noshto paichi.",59,0
Product description pura mitha.,31,0
Himalaya facewash is always  favourite to me. I like  to use this product  very much. Thanks for fast delivery.,111,1
akner nisi abar nilam druto sesh hhe jay karon onek patla besi ghono na facewash ta...valo kaj kore oily skin e,111,1
This is a very good product. I really like this product,55,1
ai produced onk valo cgaila apnaraw neta paren and onk valo akta produced tai ame oder korese and onk valo vade oder ti oeyase and onk fast delavare pays and onk valo ata produced chaila apnaraw neta paren ame o neyase and salor vai ka onk onk thanks and darz kaw thabks ato valo produced dawar jonno,300,1
Vai Er Pacaging Silo Just Wow. Ageo Use Korsi Valo Product,58,1
Ei product ta 1 star o deserve kore na.,39,0
Mashallah kub Valo product,26,1
"best product,,  jemonta ceyechi temon i peyechi..❤️
caile nite paren",68,1
Amar taka pura pani te gelo. Kine vul.,38,0
thank you sir.ato sundor akta review deor jonno,47,1
Amar frustration ekhon akashe.,30,0
"jerokom cheyechi temon painai!! kalo ring order korechi, diyeche nil ring. keno?? 😒",83,0
"Screen quality onek kharap, chobi dekhte o bujhte pari na.",58,0
"prothomot shob thik ache bt mukh ta vanga 🤬 dwitiyot parcel deri kore esheche. last, delivery man er byabohar khub kharap, shudhu gaali dey!! tar name complain korbo 🖕🖕",168,0
1 din use krar por vnge gche,28,0
this always good. face wash and dry cleaning wipes 😦😦,53,1
"Amar ei review ta pore jodi keu na kine,",40,0
"Too much vibration, painful to use.",35,0
Hope Daraz faces consequences for this.,39,0
"product er expiry date check korte parini, label blur chilo",59,0
Thik jemon cheyechi temon peyechi. Sobai kinte paren. Kono shomossha painai. Thank you seller k.,96,1
grip onek valo!! 2 din use kore review dicchi. bt amar order chilo black color diyeche anoyo rong!! ta chara shob valo nite paren 😒,131,0
Size chart ta pura vul. Amar jinish ta ekdom fit hoy nai. Return korteo jhamela.,80,0
Time o money duita nosto holo.,30,0
Good quality product. apnara nite paren.,40,1
2ta nose cleanser + 2ta chhoto brush order chilo bt diyeche 1ta!! vul hoyeche please 1ta solution den 😥,103,0
Jeta order korchilam tar moddhe aro ekta onno jinish chilo. Ki hocche Daraz e?,78,0
Seller amake misguide koreche. Wrong information.,49,0
"Alhamdulillah pawdar gula o onk Valo 
kom price er moddhe
sobai chaile nite paren",81,1
"khub valo product. 
sobay nite paren.",37,1
Valo na product. offer a nisi tai temon asha o korini,53,0
"Price hishebe product thikase. But I requested the seller to give me a black one, he did saw my message still sent me an orange one. Very unprofessional",152,1
I hate Daraz for this.,22,0
alhamdulillah olpo daame onek sundor hoyeche. bachha khubii khushi ei aalo dekhe.,81,1
"Camera focus thik hoy na, shob blurred.",39,0
I did not get my package.... The delivery man marked it as delivered without delivered at all. Even he didn't call me. Its a fraud,130,0
"Jeta pathanor kotha, sheta na. Purai bekar product.",51,0
"vitore facewash kom, 
r ektu chotw krlei parten 🥲.
ekhono use kri nai",69,0
thank you sir.ato sundor akta review deor jonno,47,1
"shobkichu valo bt prob holo tin ta prod kinle choice e delivery free er kotha, kintu delivery free na hoye 10tk hoye gece 20tk!! product valo asha kori valoei hobe",163,0
83 takai pelam choice voucher diye. Good deal.,46,1
Khub kharap quality. Daraz er theke eta expected na.,52,0
received the coils. I always liked these. this is my 3rd time purchase from them. although no coil is good but these are far better than other coils in the market.,163,1
"dekhte sundor kintu jinishTa halka, tike koydin ta bujha jacche na.",67,0
"Duplicate copy, original er moto kichu na.",42,0
"product ta jakhon kinchilam vabchilam valo. prothom dike onek valo chilo prai ek ghonta. tarpor hothat ar chole na, ghureo na, jolweo na. ekdam pochhamaal bhai, eta keu kinben na.",179,0
"120tk diye nilam 12.12 e, ekhon 12.12 seshe dekhi 99tk, e kmn bichar🙁",69,0
valo product,12,1
"Delivery charge o waste, product o bekar.",41,0
khub valo hoyeche productta.,28,1
Daraz er branding o kharap hocche.,34,0
"shob thik ache bt beshidin tike ni!! nosto hoye gece, warranty onek kom 😒",73,0
"Waterproof bola hoise, pani lagle e dead.",41,0
fresh was ta value for money..ar onk vlo,40,1
cream ta face e diye rash berolo!! sensitive skin er jonno suitable na sure,75,0
dilam kalo aslo komola colour,29,0
onk soft .. jmn dekhaise omn e,30,1
sracthed maybe used..  build quality temon na norbore.. ,56,0
"return request disi 4 din age, ekhono pickup hoy ni!! helpline e hold e rekhe kat dilo. daraz er service deteriorate hocche 📉",125,0
eto kom price a pabo chinta korte parini expire date taw long peyechi thanks 👍🏼,79,1
purai osthir jemonti chaichi temontii paichi🥰🥰🥰😍❤️ ar ami je ta comment korbo sheta nishchintay nite paro💯,106,1
"Daraz CS shudhu 'apology' kore, action zero.",44,0
magnetic cutting fruit toy hole vlo hoto,40,0
valo products,13,1
"Authentic product, I'm pleased on this product also delivery n package 👌✅",73,1
Seller ta ekta cheat.,21,0
play kitchen set cute!! bachcha creative hoye khelte parce. love it,67,1
thank you sir.ato sundor akta review deor jonno,47,1
"ato faltu jinish er dam 50 taka hoilew beshi
shob tk purai jole gelo 
free dilew newa uchit na",94,0
Gave it to my brother.He like this face wash.,45,1
"Kom er vitor onk valo quality ai detergent ta
ai niye 3bar order korlam",71,1
Ei jinish kinar theke na kinai bhalo chilo.,43,0
faltu prod!! weight komano barano system nei. keu bhuleooo kinben na 🚫,70,0
The product is delivered in good condition. The quality of the product is good as well.,87,1
onk vlo... thanks Daraz❤️❤️,27,1
100% original product. Recommend facewash for men. Best wishes to seller & thanks DARAZ.,88,1
khub kharap!! charge ekdom thake na. keu niben na 🚫,51,0
moisturizer ta 3 din e finish hoye gelo!! size description e misleading,71,0
"charging nite boro time lage + full charge e 1 ghontao backup dey na!! totally useless, waste of money",102,0
Vhaloi acheee krp nh nite paren💗,32,1
eto baje prod jibone o dekhini!! screw eto shokto je 1ta o adjust kora jay na!! ar kalo prod deoar kothay bole nil diye diyeche 😡,129,0
"Khola packet e esheche, jeta ekdom unprofessional.",50,0
kom dame Valo product and sundor sounds system,46,1
wrong product delivery peyechi...Totally disappointed!,54,0
Budget e onek valo ekta micellar water...amr skin type sensitive tao motamoti valo suit koreche. Recommended!,109,1
Alhamdulillah product found as per order. Per Kg Cost  98.00 Tk MRP: 130 Tk,75,1
Ei jinish ta kine amar mon vanglo.,34,0
"dhowa prochur, age order korechi no smoke chilo. ar eta shesh korar 30 minute pore o ghore mosha ghore.",103,0
"power button nosto chilo,",25,0
product damage chilo,20,0
Ami amar friends der Daraz use korte mana korchi.,49,0
sobai nite parn average,23,1
khub e kharap packaging daraz er packaging er dike nojor deya uchit,67,0
ki bilbo bolar kichu nei alo thik ache bat fata gacha,53,1
"ei nie dwitiyo baarer moto nilam, khub valo.",44,1
Amar mon kharap hoye geche ei jinish dekhe.,43,0
coil gulo onek sundor. ebaar die ami tinbaar niyechi. chaile apnarao nite paren. ei daamer modhye eto sundor kore keu dite parbe na. osongkhyo dhonnobad sellarke. mosha ogyan hoye jay.,184,1
Seller ra shudhu customer ke thokay.,36,0
"motamuti valo mone hochhce, use kore dekhte hobe kemon. kharap hole abar edit kore likhbo",89,0
The return policy is a complete maze.,37,0
eitar quality Valo . sound quality o Valo . and good looking ☺️ sob miliye Valo,79,1
Quality tik e aca… recommended,30,1
The product is non-functional.,30,0
Alhamdulillah Jerokom photo te dekhaise orokom same to same dise.,65,1
Daraz er branding o ekhon faltu hoye geche.,43,0
You didn't give a box with it. You should provide a box with it!,64,0
Colour black pai nai,20,0
Ata mita multi valo,19,1
Nirma ta dam onijai onk vlo.. kapor ohh sundor wash hoi.. thank you,67,1
ei milaya 2nd time order korlam khub balo oacket er gaye 130 tk lekha,69,1
Daraz keno erom seller allow kore? Bujhte parchi na.,52,1
cashback offer properly apply hoilo!! total discount satisfied kore dilo,72,1
"Delivery charge o gelo, product o gelo. Double loss.",52,0
The mosquito coil is useable and  serves purpose.,49,1
"good, valo poriskar hoy.damer tulonay man valo ace",50,1
"valo, chaile nite paren, ami ageo koyek baar niyechi.",53,1
"prothombaar order korechi, khub valo, seller bhai ke dhonnobad.",63,1
fast dellyvery.product original but Himalayan face wash vlo na.full use kore review dilam. Delivery man new last 3bar dlvry disilo extra tk khuje.amnete cl dia tk khujsilo lol.ar por theks order di na r daraz a,210,1
price onujai product onek valo,30,1
ami black color caisilam unara blue color disa aminta product ta valoi apnara caila nita paran!!,96,0
ALHAMDULILLAH..qwt,18,1
Minister er One wash. ami onek gulo neyechhe.valo.nite paten.,61,1
duibaar niyechi ebong valo vabe peyechi.,40,1
water bottle leak kore!! side e press korle cap theke water bere ashe,69,0
quality topnotch. But sound ta ektu bass busted overall good 💯.  9 out of 10,76,1
good goodgood goodgood goodgood goodgood good,45,1
alhamdulillah 89 taka kince 1 kg Cashback o paise shob mily just wow,68,1
Ei product er moto faltu product ar dekhi nai.,46,0
onk valo.  2028 porjonto meyad ache. Xoss,41,1
"1ta valo, anoyta kharap diyeche!! thik koren nai eta 😒",54,0
Sound quality temon valo na,27,0
Ami amar bandhu der o Daraz theke kinte mana korbo.,51,0
thikasa chaysilam black payasi blue.,36,0
prothombar eto baje packaging pailam!! packet fete powder puro box er moddhe chhorie gece 😡,91,0
daam hisabe valo jinish❤️,25,1
Jinistai toh pai ni. order nen tk nen bt manush er 2ta product den akta den na.,79,0
"colour ekdom pic er shate match kore na!! description e 'navy blue' likha, ashche 'black'. misleading listing 😤",111,0
"dhuwa beshi hoy, chokh jole.",28,0
dress ta arrive korse bt 3 size beshi. return process boro jhamelar,67,0
"Product vlo
packeging vlo chilo 
thanks seller and daraz 😊",58,1
"daraz k shorai dibo,,amk thokaice",33,0
"Delivery ekdom slow, ar jinish o bhenge geche.",46,0
water gun onek fun!! summer e kids er fav. strong build quality,63,1
Mon kharap hoye gelo dekhe. Expected na.,40,0
Er age akta light nilam onk valo hoyechilo. sejonno abr 5 ta light order korlam kintu erokom kharap product diben vabteo pari ni. Lok thokanor business suru korechen naki? Delivery charge free diyechen bole kharap product diyechen taina? Ebarer light a akdom power kom and very slow. Baje products,297,0
"alhamdulillah onk kome pelam😃.
11.11 offer e nilam.
bkash payment e Cashback bade 75 tk kg porche sathe abr 1 packet extra free diche seller vaiya 💖💖
thank you so much seller vai r daraz
r delivery man vai to purai💕💕💕 unkeo thanks",230,1
use korlam 2/3 din pore akhon AR charge dileo on Hoy na  ata ki change kore dite parben,87,0
"bola hoyechilo panchta item kinle ekti gift free, kintu ami kichu painee.",73,0
"very good product. Recommend for everyone.
overall is fine . Thank's to Daraz & The Seller.",91,1
"best quality,, but ektu choto,, tao dekhte cute ache,, ar sound ta motamuti valoi ache..
sobai nite paren,, seller ke thanks..",126,1
product quality valo ache. sabai nite paren.,44,1
"2027 saal porjonto meyad ase🎉🥳
ekhono bebohar kori nai kintu packing onk sundor silo😊😊😊",87,1
"daam hisabe productTi valoi, tobe button systemTi chole na, dukher bishoy.",74,0
organizer tray khub helpful!! drawer neat hoye gece. recommend,62,1
packaging akdom e kharap ja bolar moto na daraz ar ai jinish ta vlo kore kheyal kora dorkar ... product vlo chilo .. expired date 26 porjonto overall good,154,0
Good Moshar Coil,16,1
"valo na, faltu!! third class. keu neben na, fena hoy na 😡",57,0
blazer fitting ekdom perfect!! office e onek compliment pailam,62,1
gym gloves fitting perfect!! palm grip boro boro. worth every taka,66,1
It came with scratches and dents.,33,0
One wash being good quality with good condition,47,1
khub sundor Apple Air buds,26,1
"pkg thikthak chilo, packet intact bt prob ta hocche mone hoy prod ta karo return kora!! amar order label chara aro ekta label ache, tai artho chhera, age o tape mara er dag ache. major prob na, prod thik thakle e hobe",217,0
"with counter ta nile 100% satisfied thakben!! bairer theke import, darun finishing. without counter ta local, valo o hote pare, fata vanga nojuk o hote pare. seller check na kore dile kharap pora chance beshi. with counter ta nen 100% sontoshto thakben ❤️",255,0
curtain color boro beautiful!! fabric heavy and quality. room transform hoye gece,81,1
product Khub e vlo . use korci vloi mone hocce,46,1
Product er gondho pure chemical. Matha betha.,45,0
amar ungul dhuke na. fuda ta choto,34,0
Kono use nai ei product er.,27,0
Got original...and 2ta eksathe nisi 200 taka save.. bisshash kora jay?,70,1
Jeta chaisi oita pai nai 🙂👎,27,0
kena hoye gelo bt tracking update e nai!! 1 soptah dhore 'shipped' e atkhe ache. daraz app useless 😤,100,0
"2 packet powder niyechi, 1ta fata chilo + onno prod er gaye lege gece. kharap na bt use kore dekhi ni, use kore jaanabo again",125,0
nice but idk koto din valo thakbe,33,1
tobe dam last 1mnt e bere gache pocha flatu,43,0
Ekdin use kortei colour uthe gelo. Eto kharap quality mone hoi na kono brand er hoy.,84,0
"Nice Brush
Very soft & Easily usedable.",39,1
packaging khub baje vabe peyechi!! mone hocce shona chilo tai dekhe falaise. delivery fast peyechi bt pkg horrible,114,0
building blocks quality safe!! BPA free material. bachcha khub enjoy kore 🧸,75,1
"Daraz theke ei product gulo nei any 3 tgeke sathe ei vim bar ta free gift chilo, powder er kotha bolte gele just wow. ghran ta beshi valo lagse r quality o valo ami 1 kg niye ekhin abar 1 kg nitesi.satisfied",207,1
Amar review gulo delete kore dey. Daraz shudhu fake.,52,0
product ta vlo kintu pic dice ek rkm r hate paici r ek rkm,58,0
"Used item pathiyeche, notun bole becheche.",42,0
Amar review Daraz delete korbe.,31,0
"Product kub duruto paichi, ar product valo hoiche",49,1
ekhono use kora hoy ni🙂,23,0
very good quality detergent you guys can buy malmal,51,1
ami onk din dhore ai powder ta use kori amnite vloi lage amr kache,66,1
"prod aaj hate pelam, baje kaj korechhe!! meyadutirrno prod sell dicche 😡 ei rokom offer e prod kena theke biro thaka dorkar. daraz er prod verify kore receive kora uchit",169,0
"alhamdulillah hatey pelam, ponyo gulo khub jotno sohokare packaging kore pathiyeche, dhonnobad delivery man ke, dhonnobad daraz ke.",131,1
puzzle pieces missing chilo!! 1000 piece er 3 ta nei. incomplete,64,0
11.11 sale e onek kome peyechilam 79 takay most probably sathe onek kichu newar karone delivery charge o onk kom chilo choice er kichu products e free delivery o chilo sathe ekta gift o chilo. Ar use korar por valo legeche smell tau shundor chilo pore abar nite pari.,267,0
pawder ta valo ase sobai nite paren ar ageo niysilan,52,1
"shala batpar, cheater!! order er shomoy bolchhilo indian prod dibe. ekhon dekhi bangladesh er jinis diyeche!! seller k 🖕🖕🖕 message korle 1-2 din pore reply kore. jinis return pathailam 😡",186,0
product valo chilo kintu glass pada.,36,0
"etar smell too good. hater jonno onk valo 
chile nite paren",59,1
onek sundor ekti ponno. sound quality onek valo laglo. eto kom shomoyer modhye pan jantam na. dhonnobad daraz ke.,113,1
jemonTa chaichilam thik temonTai peyechi.,41,1
"listing e likheche wireless bluetooth keyboard+mouse, kintu diyeche shudu maus!! seller ekta batpar 😤",101,0
"Battery backup 0, charge thake na. Kine pashchatap.",51,0
"daraz confirmed kore dilo delivery, kintu aaj 5 din hoye gelo nei. wtf",70,0
this is really good but the delivery prize is high,50,1
"Alhamdulillah valoi product paisi apnara nite paren,,,, dukan theke kinle 70 taka kore ney,,, sey khane,, ami 2 package paichi 102 taka,, ak kotha onek valo jinis,, kom dameu pauya jay apnar nite paren",201,1
Thanks a lot! Erokom valo support amader chirodin inspire kore. Asha kori abar niben! 💫,87,1
khub beshi kharap quality. kagoj pora gondho. kajer kaj kichu e hoy na. shudhu babohar kariira kosto kore.,106,0
Ei jinish ta kenar cheye na kine thaka better.,46,1
eta second time nilam khubi vlo scent taw shundor kapor dhoya o sohoje hoy beshi fena hoy na tobe kapor dhoya vlo hoy ..,120,1
good products caile nite paren,30,1
Seller pura fraud. Ami report korbo.,36,0
assalamualequm Alhamdulillah valo products sobai netai paren ❤️,63,1
lipstick color payoff onek boro!! long lasting o. daraz er best buy,67,1
khob baje jinis!! 1ta o kaje lagena 😡,37,0
all time best.delevery fast peyechi.,36,1
ei daame coil gulo besh valo.,29,1
"Exceptional color, super quality and great pricing. Thanks seller.",66,1
update product dece. Sobai nete paren,37,1
"Onek din dhore wait korlam, finally peye dekhi bekar.",53,0
khubi valo maaner prod kidna lol!! kapor kaachle kaproer 13ta beje jay + hater obostha kharap. eta ki mane eto good hobe? ridiculous 😑,134,0
"Jal product, original na. Dhoka khailam.",40,0
Ami Daraz theke r konodin kichu kinbo na. Erom faltu experience ar chaichi na.,78,0
khub e Valo,11,1
akbare authentic product paisi apnaraw nite paren,49,1
er agew newa hyche detergent ta valoi tai regular use e kora hy,63,1
"onk ber parcel niyesi...product golu sotti onk valo..
r delivery jotasomoyer majhey peyesi.. 😊
kintu onno annober free gift dey..ayber dey ni..

jaihok ami onk happy, delivery man behaviour o onk valo chilo.",207,0
The quality is very good. The silicone is very soft. Babies will have a lot of fun brushing. A very good thing. The baby's mother can take the baby in her hands and let the baby brush. Best for babies aged one to two years.,223,1
gondho ta ektu baje.,20,0
khub valo.ei porjonto.40 kg er opore use korechi.dam oo baire theke onek kom,76,1
250 tk r product 128 tk peyechi. date o ache onek din. delivery man er behavior onek vslo chilo. happy shopping 🥰🥰,114,1
Shudhu shudhu taka nosto korlam. Ei dam e er theke onek bhalo product baire pawa jay.,85,0
Product e scratch chilo. Seller ignore korche.,46,0
airport ami o order kore chilo. babohaar kore onek valo paichi.,63,1
Product quality Supper. packaging also good. Recommended.... Chaile nite paren.,79,1
Packaging and delivery process khuv valo chilo,46,1
Daraz is a platform for selling fakes.,38,0
"baje product, fena ekebarei kom hoy,",36,0
This product is the worst among all.,36,0
"I have been using it for a long time, a good face wash for boys. 👍",66,1
Ami amar taka ferot chai shighro.,33,0
packaging delivery time sob vhalo chelo ekhon o use kora hoi ne,63,0
Daraz lost its charm.,21,0
"valo chilo, kintu ektu kharap mone holo",39,1
"Shobkichu thik chilo, shudhu ekta choto jinish missing. Kintu shetai to main chilo!",83,0
Daraz ke bolbo ei seller er against e action nite.,50,0
"86 tk diye kinechi, on time delivery peyechi. quality wheel theke ektu down, smell good",87,1
thank you sir.ato sundor akta review deor jonno,47,1
sob kicu Thikthak... but use korar por bujha jabe kemon,55,0
Original na jene order korai amar sobcheye boro vul chilo.,58,0
"pkg chhera chilo!! redx delivery man boro beshir bhag e boro jhamelar. cod zero thakay sujog peyeche. baro bhab koreche, 100tk extra dite bollo. onek chitschere kotha bollo. force e taka diye parcel nilam. daraz e complaint dite gelam bt auto message. delivery experience khub baje chilo 😤",289,0
kajol stay power 12+ hours!! smudge hoy nai at all. mind blowing,64,1
products 100% valo sobai Nita paren,35,1
"Ami Daraz er Gold customer, kintu erokom experience first time.",63,1
"bro 1st time daraz theke kinlam, experience khub smooth. will buy again inshallah",81,1
"Charging port ta loos chilo, charge hoy na thik moto. Defective product.",72,0
Product ta ato choto je chobi te bujhte pari nai.,49,0
"Amar order notun chilo, kintu used item.",40,0
"Awesome product,  thanks daraz &seller also.",44,1
thank you sir ato sundor akta review deor jonno,47,1
Alhamdulillah price onujayi thik ache.... 1 week use kore review dilam,70,1
Jibone r Daraz er name nibo na.,31,0
nicely delivered. regular kini. market theke kome pawa jai. quality ok.,71,1
Kono din Daraz theke r shopping korbo na.,41,0
"Amar shomoy, taka, energy shob waste.",37,0
"At this price, it’s delivering the maximum possible performance. Expecting anything more in this budget would be unrealistic. However, I can confidently say that in this price range, it’s several times better than the earbuds offered by other brands.",250,1
Very good and useful product,28,1
onk khrp oviggota,17,0
Daraz er uchit seller der QC kora.,34,0
"vai 1st tai eto valo ekta product dilen r ekhon eto baje ekta product dilen,kaj ta thik koren nai vai",101,1
"perfect
210-230 tk lage dukane... 
120 tk porse vlo...🔥🔥",56,1
fruits set tar price ektu beshi quality onujai...,49,0
packaging valo chilo. kintu coil gulo valo na. valo kore jole na.,65,0
Ei taka diye ami onno kichu kinle aro bhalo hoto. Regret korchi.,64,0
"product bhalo
but 3 ghontar moto backup dai
er bashi dile bhalo hoito🙃",70,0
"Rong chobi te light chilo, esheche dark.",40,0
Great for oily skin.,20,1
Warranty? Ki jinish ei seller jane na.,38,0
Didn't know Daraz sells such garbage.,37,0
baje.,5,0
Ei product ta kenar theke taka donate kora bhalo chilo.,55,0
"girlfriend ke gift korchi, she khushi alhamdulillah.",52,1
CS shudhu automated reply dey.vulval kajkm shb,46,1
jacket ta dekhte exactly pic er moto!! warm o boro. winter perfect,66,1
"My Baby likes it..
Get the same color which I ordered. Quality Not Bad

Recommend 👍",83,1
alhamdulillah valo product diche. sby nite paren.,49,1
Ami order korci black colour ar dica green colour ata Amar akdom Valo lagani but product Valo apnara caila nita paren,117,0
Original er name e ekdom sosta jinish diyeche.,46,0
Keu kinben na eta. Totally trash.,33,0
door mat size description theke chhoto ashlo. misleading listing,64,0
purai faltu!! copy prod dhoriye diyeche. vitore jel khub patla 🤬,64,0
polo shirt er collar already bend hoye gece. ekdom low quality,62,0
Colour fade hoye geche 1 week e.,32,0
"ebar use kore dekha jak kmn, valo hole next time abar order korbo",65,1
onek onek valo sobai nite paren  onek valo jinis,48,1
"2nd bar order korlam. prod authentic, no vejo, authorized dealer theke ashe. 107tk kore porche. prod alhamdulillah meyad o onek. shomosha shudhu poriman ektu kom mone hoy 😑",172,0
Onek balo products pelam,24,1
"Daraz er support staff ra shudhu golpo kore, kaj kichu kore na.",63,0
"Seller rude, complaint korle shune na.",38,0
fast delivery and product original and packaging tao valo korse,63,1
"valoi, kharap na.",17,1
motamuti valoi ache🙂,20,1
thank you sir.ato sundor akta review deor jonno,47,1
"ekhon o babohaar kora hoy ni, tobe valo mone hochhe.",52,1
akdom sera akta product 😍 packet mullo 130 tk ar amra paisi 79 takai aita onk vlo hoisa onk happy ami tnq daraz,111,1
"price ta boro misleading!! daraz e 399tk dekhiye kinlam, deliver er pore invoice e 580tk!! hidden charge kothay theke ashlo??",125,0
thanks daraz,12,1
Kintu ami chai shbai januk koto khrp ei product.,48,0
faltu product!! waste of money,30,0
"Age 500 gm er ta nisilam. Vlo dekhe aiber 1 kg ta nilam. 
Alhamdulillah vlo",75,1
pkg khula korte giye dekhsi already used!! second hand mal pathiyeche. purai fraud seller,89,0
Amar ei product er review Daraz publish korbe na jani.,54,0
Bhalo review shob fake. Seller er lokjon.,41,0
"product dekhe mone hocche valo hobe, ebar bebohar kore deki kemon",65,1
its a very good product.  recommended to all.,45,1
product ti jemn ceyechi tik temoni peyechi,42,1
R konodin Daraz theke kichu kinte iccha korbe na.,49,0
5kg nilam bkash payment diye 409tk e!! delivery man faltu. nirdistu tarikher 2 din pore prod peyechi 😒,102,0
Order diyechi kintu paini..aksathe 3 ta order korechi kintu ashche 2 ta..arekta koi..,85,0
dam hisabe valoi mone hosse...98 tk kore porse 1kg,50,1
khubi halka!! ohetukok mone hocche. mon ta kharap holo 😔,56,0
setting spray ta makeup ke hold kore onek! long lasting result 👌,64,1
"2nd time purchase 
product valo silo & delivery o peyesi onk fast 
recommended 💯",80,1
product ta vlo just order korse black parcel asche green 💚,58,1
Amar taka o mood shob spoil.,28,0
"motamuti thik ache bt prob hocche daam chilo 300tk, delivery charge mile 300tk e hoba kothay, amar kach theke 370tk niche!! overcharged, khub dukhkhit 😞",152,0
"Joto review porechilam shobai naki bhalo boleche, amari shudhu kharap porlo.",76,0
"Packaging ekdom choto polythene, kono bubble wrap nai.",54,0
khub kharap vanga ekta light diyechen ki vabe dilen eta 😥😥😥daraz theke kokhono kharap kichu pai ni but apnra eta korchen vanga ta somossa na but light jole na😑,159,0
"eta valo na, amar ta noshto, eka eka disconnect hoye jacche😓😥",61,0
"bhai product dekhte sundor kintu quality te 0/10. plastic er moto feel, money waste",83,0
Battery drain hoy khub taratari. Useless.,41,0
Hathat kaj kora bondho kore dilo. Just 2 days.,46,0
Original Product. Sound bass quality khob valo. soft.,53,1
It's of very good quality. Loved it! Melts makeup very well. The fragrance is also very less and pleasant. The packaging is premium.,132,1
ja order korlam ta painai,25,0
it's really awesome. 6kg order korsilam. packaging khub e valo chilo. minister er eta age use kora hoyni use korle valo vabe review dite partam. tobe amk kono gift deyni🥺🥺🥺,172,1
productTa hatey peyechi khub olpo shomoye. emniteo onek valo mone hocche😊😊,74,1
daamer shathe ponyer maan thik ache.,36,1
"valoi kaj kore, mosha maray, tai dwitiyo baar neoa.",51,1
sound valo tobe size khub choto,31,0
khub baje product!! 100% chalk er maal 😡,40,0
price hisebe motamuti valo.,27,1
cable ta 2 din por thekei problem. bending hoy na properly. cheap material,74,0
very Thank Daraz,16,1
Daraz ar trustworthy na.,24,0
Apnar valo feedback amader khub inspire kore! Amader offer gulo check korte thakun! 🛍️,86,1
offare khubi valo pelam thanks daraz and Sellar men,51,1
khelna gula valo,16,0
same yo same peyechi thank you so much ♥️😍,42,1
thank you price ai price a ato valo ekta product deoyar jonno,61,1
era shob nokol,14,0
khub valo ekta product. kichu din use korlam. sound quality khub valo. apnara chaile nite paren.,96,1
"Camera quality bekar, purai dhosho.",35,0
stuffed animal boro soft r cute!! bachcha onek happy. gift perfect,66,1
valo product..original..dokan theke onk kom price porse,55,1
Minister one wash. valo product. colour gurd baraite hobe.,58,1
Good packaging and authentic products. 😊,40,1
"detergent ta khub bhalo, aageo use korsi onekbar.",49,1
face wash ta valoi. smell o valo. fresh lage,44,1
product khuboi bhalo maner tove bebhechilam kalo coulour dibe,61,1
wow so beautiful i love u so much jan amr sona ta,49,1
4ta product er modhye 2ta damaged condition e peyechi!! open kore check o kore nai seller. pathetic packing 😠,109,0
"valo moto packed chilo product o ok, offer e 90tk per kg te pailam",66,1
Amar mental peace nosto hoye geche ei bepar e.,46,0
skin friendly.. feel refreshing after use.. thnx daraz,54,1
Daraz er ei bepar er jonno consequence hobe.,44,0
good  product... 2nd  time  nilam❤️‍🩹,37,1
"Daraz jodi quality na dekhe, toh ki lav?",40,0
"Giving review after using for 3 weeks. Only had to charge the device once in 3 weeks. At first, with default settings, the bass is quite high. But you can always download the Oraimo audio settings app from their website and change the setting according to your preference. Thanks a lot for the fast delivery as well. Highly recommended! 👍",338,1
soft and good,13,1
ageo niyecilam.ai price a valoi.delivery boy valo cilna.pore avijog koray basay ase diye gece.basay aste raji hoccilona.daraz k thanks.3 dine peye gelam,152,1
product vloi kintu use krar smy hate ektu lage ey jaigata aroektu smooth krle vlo hoto,86,1
"Product er smell kharap, chemical smell.",40,0
mosha thake na.,15,1
ekta baje product!! 3 din er mathai nosto hoye gelo. 300tk er prod ekdom faltu 😡😡😡,82,0
customized chocolate box. whatsapp 01616974851.,47,0
bazarer onyo shob dami coil er cheye ei coilti onek valo.,57,1
"faltu jinish. Mitar taw tamon valo na.
Amr mona hossa use kora mal Disa. Power basi dila komata gila plus lagba🤣🤣",113,0
AlhamduLilah onek valo caile nite paren,39,1
everything okay but smell is not so good as expected,52,0
1st jeta cheyechi seta painai. 2nd jeta diyeche seta o nosto + duplicate!! daam onek beshi niyeche. jinis ta onek kharap. keu kinben na 🚫,137,0
charge kom take onek,20,0
screen quality valo bt battery backup boro bekar. 3 ghanta teo sesh,67,0
Ami ceye silam white colour but dise brown ,43,0
vlo cilo but jta caiclm onnota dicee,36,0
thank you seller.kindly delivery charge ta komai diben,54,1
Perfectly delivered and got well. I am satisfied very much,58,1
"faltu jinis den apnara!! order diyechi 1ta, diyechen anoyta 😡",61,0
Ami toh mone korchilam Daraz trustworthy.,41,1
that is the best product in our low budget.so shopping and enjoy,64,1
sound quality not as good as the one I owned before. bam pasher ta sound onek kom. Left side airpods e chul lege chilo.,119,0
"My money, my mood, everything is ruined.",40,0
charger ta onek fast!! phone 0 to 100 matro 45 min e. satisfied af,66,1
delivery fast peyechi. productTi shompurno okkhoto peyechi. ekta shomoshya dekhaa dicche: sound quality.,104,0
dam onojai valoi product valoi sobai nite paren,47,1
valo mone hoyni!! muk er facewash jemon thake temonta mone hoyni. flash sale e daraz ki kore kam dey ektu hole o bujhte parchhi. apnara online e prod kinben na 😒,161,0
Delivery charge er taka o waste gelo.,37,0
"order disi 3 din age, ekhono 'processing' e ache!! daraz customer care e call disi, kono response nai. total waste of time 😤",124,0
Half working product. Ki kaj korbo eta diye?,44,1
ai tk ty valo.... tobe kom takai valo kicu asa kora jai na,58,1
bluetooth headphone 1side valo 1side nosto!! return ditey chai 😒,64,0
"277 Tk Total Offer Price 
Real Price 390 Tk 3 pcs ..
93 Tk Kore Porche 3 pcs niyechi so free delivery asche .. Sob Miliye Valo Poreche ..
Packaging ok 9/10
Delivery Rider 09/10",176,1
nice 🙂👍 product quality is good apnara nite paren,49,1
"Somoy moto Delivery kora hoyece, product o Valo.",48,1
1 kotai joss priduct onek vlo so nice product,45,1
Amar shomoy o taka duita nosto holo.,36,0
"daam onujayi valoi, kintu ami nibar pore aro daam kome gelo. sabai nite paren💥💥💥",80,1
Seller ra shudhu taka chenche.,30,0
the review of this product is okay and,38,1
"buy now theke select korle shudhu maus order hoy, keyboard boro alada. amra clearly dekhte pacchi apni shudhu maus orderd diyechen. proof ache. na bujhe blame korben na pls",172,0
Bhalo..tik moto delivery peyechi,32,1
Seller er use kora language rudd. No professionalism.,53,0
aro ekbar nilam khubi vlo delivery o fast chilo,47,1
"3ta niyechilam 1ta fete gece 😭😭😭 seller er uchit alada alada wrap kore tarpor ekshate pack kora. baki thik ache, prod original mone hocche. brahmonbaria er delivery man gulo professional na, beshirbhag kharap. order taratari esheche bt delivery te 10 er moddhe 2 dibo shudu fast peyechi tai 🙂🙂",293,0
Nice deal in this budget. Recommended 👌,39,1
"Sound puro kharap, khush khush kore.",36,0
"Taka o gelo, shomoy o gelo. R ki chaibo?",40,0
Ei product ta ami keu kinte bolbo na.,37,0
"valo product. ami use korechi, mosha chle jay.",46,1
Jal product diye onek taka khoroch korailo.,43,0
Kono kajer na ei product. Kine vul korchi.,42,0
ai coil ami onek gulo kinesi valo ar aktu valo korrar chesta korben,67,1
onek bhalo orange color  hand gripper,37,1
"Minister one wash,Minister/waltoner product.colour gurd r ektu barate hobe.",75,1
"Onek valo,  2028 saal porjonto meyad ache.  nite paren chaile..",63,1
Shudhu shudhu internet package nosto korlam ei product ta khojar jonno.,71,0
to well . amr kase prize onuzayi onk valo lagse,47,1
"Happy with delivery system, parcel received within 3 days ♥️♥️",62,1
alhamdulillah onek balo product,31,1
Daraz ekhon r ageer moto nai.,29,0
return policy boro complicated!! 5 step process. exhausting,59,0
instant noodles onek tasty!! college student er jonno perfect 🍜,63,1
Delivery boy rude ar help kore nai.,35,0
"valoi, sound quality motamuti.",30,1
ageu onk golu niyci abr nilam dam onujai valo.abr offer price 75 tk niyci.,74,1
faltu product.. original na..copy diyese,40,0
Alhamdulillah sob thik thak peyechi,35,1
valo chilo onek apnara nite paren sobai,39,1
365 days warrenty card konta?sathe to paini,43,0
Daraz ekhon amar blacklist e. Bye.,34,0
"Waterproof boleche, ek fota pani tei sesh.",42,0
ek kothay osadharon.,20,1
"the rider behavior is the worst,uni amke bolechen j 5 tolai jete parben na lift nai tau, niche jeye parle nite naile order cancel kore dbe.pore dhomok deyate uthe dise and bole apu cycle er jonne ashi nai dite,esb rider rakhen kno apnara",237,0
"ossame,, koakbar nici,, tobe aste aste dam baracce",50,0
3rd time nilam.,15,1
alhamdulillah jemon dekhechi temon paichi thx daraz ke and sellar ke apnaraw caile nite paren,93,1
not use able play the go way ace ki ki apps,43,0
onek Valo product jemon Chechi temon ai peyechi,47,1
"Good product, I am happy to buy this speaker. Thank to daraz",60,1
"good product, as good as rin or other products.",47,1
Ami Daraz app uninstall kore dicchi.,36,0
alhamdulillah best quality.,27,1
dekhe valoi mone hocche ekhon use kore dekhi kemon,50,1
"Thanks Daraz, amar din ta purai spoil korar jonno.",50,1
They sold me a refurbished product as new.,42,0
"Daraz CS shudhu 'sorry' bole, action nai.",41,0
vi product akdom baga spring kag kora na,40,0
"Recommended 

4 star bcz of the color, I ordered the black one though : )",73,1
vlo nh,6,0
Ekhon theke Daraz er badle onno platform e dekhbo.,50,0
gayer rate dewa 250 taka mane half dam a Peye gechi.qualiti Valo ekhono thik vabe use kori nai korle bujhte parbo.overall good.Recomended,137,1
vlo cilo,8,1
Onek Balo Prdakt . Delivery man o onek Balo.,44,1
onek valo products. besi pelam na.thanks daraz.,47,1
mirror frame broken corner e ashlo. fragile item better pack kora ucit,70,0
Colour started fading from day 1.,33,0
shob thik silo ei bristite bhije jei bhai delivery diye gese unak onk dhonnobad 💙,81,1
god prodak,10,1
"Absolutely amazing experience. Everything was smooth, professional, and beyond expectations. Highly recommended.",112,1
"daam onujayi besh valoi. onek product er shathe niyechi, courier service lagey ni tai ami sashroy hoyechi.",106,1
balo,4,1
dry fruits fresh peyechi!! quantity o correct. value for money 💪,64,1
ekdam baje product.,19,0
"oder thke ordr krbn na..
",25,0
original product mone hoy,25,1
Alhamdullillah khub valo product..samne aro. onnnekk kichu neya hobe inshaAllah🤲🤲,81,1
Amar matha gorom. Daraz keno erokom?,36,0
"Hotash, hotash ar hotash! R kichu bolar nai.",44,0
shob sesh..,11,0
prod gulo thik chilo bt pkg ekdom baje r chhera!! daraz pickup point theke nite giye dekhi duty wala scotch tape diye pechiye diyeche. care zero,144,0
"Wrong color, wrong size pathiyeche.",35,0
"masha allah khub valo, karo lagle nite paren.",45,1
eke bare faltu ami dui ta nichi dui tay ei rkom fata......,58,0
vul tiem pathano hyce,21,0
Husband er jonno order diyechi. Asha kori valo hobe,51,1
Ami erom ekta product jibone dekhi nai. Ato kharap quality.,59,0
blush color beautiful!! pigmentation boro boro. daraz best deal,63,1
"product description te likhche waterproof, water e diye dekhisi leaking. fraud",78,0
thank you sir.ato sundor akta review deor jonno,47,1
"Delivery was super fast, product o naybe valo. Just ektu concerned, expire date er last digit bujha jay, na Hoyto scratch. but otherwise satisfied",146,1
erokom experience prothom!! khub baje packaging!! shudu kagar carton e kon mote dhokano chilo. 4ta order er modhye 2tar packet fata!! onek powder pore gece 😡,157,0
Ek kothay osadharon sobai nita paran.Packaging onk valo silo 4 din use korar por review dissi,93,1
khubi valo,10,1
"Product size choto, chobite onek boro dekhechilam.",50,0
dhowa hoi onk,13,0
Light ekhonoi fuse hoye geche. Just 2 din use korlam.,53,0
headphone ta pore 1 week e nosto hoye gelo. total lokchan,57,0
good...bt black order krsilam dise red...and kg jinish ta kmne use kre bujtesi nh,81,0
product hate peyechi..dekhe to valoi mone hocche..bebohar kore dekhi kemon moyla uthe..,87,0
"packaging was good,product dekhe o satisfied",44,1
honey ta fake mone hocce. texture r consistency sothik na,57,0
"left side er sound kom lagtese, but very poor their custor service chat and service.",84,0
coffee ta onek tasty!! aroma o boro boro. morning perfect 🌅,59,1
"dukkhito, shontushto hote parlam na. babohaar korar agei prottek bundle e 2 ta kore coil kom ache.",98,0
"faltu prod!! headphone er sathe kono charger nai. quality o faltu, durable na. charge 1 ghontao tikhe na!! prothombar daraz theke eto bochor pore dhoka khaisi. seller er uchit shototar shthe kaj kora",199,0
1 ta nosto,10,0
"Delivery charge o gelo, product o gelo.",39,0
199 tk  product 79 tk pelam offer  paice,40,1
"Product ta puro bekar, kono kajer na.",37,0
Good product according to the price,35,1
"jemon dekhechi shem paichi, onek valo.",38,1
 meyad er date ta bujai jacchilo na,35,0
"Daraz, tomar game up koro.",26,1
onnnk vlo akta product,22,1
"ei light ta onek valo, onek sundor hoyeche, amar babura onek khushi hoyeche.",76,1
Its good the sound quality is incredible,40,1
"authentic product..
sobai nite paren",36,1
Ami ai product  ta akhono delivery Pai ni. delivery man ka k delivery diache Ami jani na.,89,0
products ta valoi..valo price ei paichi..chaile nite paren sobai,64,1
"nokol product 
avabe cholte thakle daraz ar opor astha Uthe jabe",64,0
good product according to price... andgoid smell,48,1
vuja discount egula. mrp gaye dewa ache 70/- mane 140 taka daam ar tara 309/- taka daam dekhiye 60-70% discount dekhacche. eta protorana chara ar kichu na. vuja,160,0
daam hisabe valoi. chaile nite paren.,37,1
gift er jonno valo.,19,1
valo products.  chaile nite paren sobai,39,1
"delivery man was very helpful. Amr basa 4 tolay, ami amr baby ke niye eka chilm. baby ghume chilo, niche jete parchilm na, ar basay gateman o nai. ami niche bag fele dichilm, delivery man vaia amr parcel bag a bedhe upore tule diche...Thanks to him",248,1
Not bad..offer a 74 tk te 1 kg..duita niye nisi tai..er ageo use korsi..,72,1
khub baje. mukh and cok jole. jader basai bacca ace tara niyen na.,66,0
"false marketing and product not similar, not adjustable, cheap quality, may break",81,0
"powder er scent sundor bt quality rin/fast wash theke kichuta lower!! tao kharap na nite paren. order korar porer din delivery peyechi, that part valo",150,0
"eta baje!! charge thake na, nosto maal 😤",40,0
mosha bon bon kore.,19,0
Daraz er customer support shudhu 'sorry'.,41,0
valoi,5,1
"sound quality Normal,  R connet hote aktu time ney",50,0
"minister one wash 5kg order korechi advance payment diye. kintu diyeche 4kg!! protarona koreche. sabodhon!! customer order delivery deowar age verify kora dorkar. daraz er maan kkhunn hocche. sabodhon hoa uchit bt rider friendly, valo byabohar 👍",245,0
Ei product er moto faltu product ar hoy na.,43,0
Ekta button kaj kore na. Mane ki er?,36,0
I didn’t get the headphone as like as I ordered,47,0
"koekta por por speaker e ekta noise ashe, onek birakt kore!! quality motamuti, wire ektu boro hoile valo hoto",109,0
mask ta use korar 30 min por face tight feel hocce. love the result,67,1
Ai box ta onek valo ar sound ta sei🥰,36,1
product ta onek Valo😽 . eta use Kore Ami satisfied 🐣 r eta amr billu DER o  Valo lagse 😺😺,89,1
"product quality daam hisebe onek valo. delivery shomoy o kom, matro 2 dine hatey peyechi. packaging chilo osadharon.",116,1
"Khub dukhkhajanak, amar Daraz experience.",41,0
Coler Jeta Chise Eta dei Ne.Pure Black Chaise Eta dose,54,0
"1ta eartip nei + charging cord o deyni!! 🤬🤬 moteo recommend korbo na, khub baje",79,0
prod quality motamuti valo bt pkg eto baje keno!! onek prod powder pore gece bottle venge!! eto faltu pkg korle byabsha na korai valo. manush thokano dhandha 😡,159,0
"this product still I don't open but the delivery charge of the product is high,I am highly request the management for reducing delivery charge.",143,0
Ami Daraz ke dislike kori. Kono quality nai.,44,0
valo kaj kore.....................fana o besh valo clean o hoi valo.,68,1
"It's come to me with good packaging, i like it. bow after charging i will use it and see is that as better as look.",115,1
smartwatch ta dekhte sundor kintu steps count korey na sothik. inaccurate,73,0
ekebore baje!! 0/10 😡,21,0
bhai phone ta 1st din e hang korlo!! restart korleo thik hoy na. total bekar product,84,0
er age kkhno aita use korini but product dekhe valoi mone hocche...akhn use kore decide korte hobe next time abr naoa jabe kina...,130,1
reasonable price ei pelam.date er meyad 28 sal porjnto. thanks seller ke original product Taratari pathanor jonno,113,1
today i received the product nd yeah It's good at first sight,61,1
quality not good. not recomended.,33,0
it's really good appreciate,27,1
"Camera focus hoy na, shob blur photo.",37,0
genuine product diyece. box seal boro boro. trust korte parben seller k,71,1
Half kaj kore product ta. Kono use nai.,39,0
"valoi lagche babohaar kore, dhowa khuboi kom.",45,1
daam onujayi khuboi valo product.,33,1
alhamdulillah 1 diner moddhe delivery pailam seller ke tnx,58,0
"egulo dui packet bazaare 90 takaay kinte pawa jay, ekhane khorse 102 taka😭",74,0
batpar konokhan!! date over hoye gece tai kete diyeche!! batpar ei gulo 😡,73,0
"product ti Valo
thanks saller",29,1
"pronon ta duplicate poreche. box er niche luhar pellet chilo, ojon baranor jonno.",81,0
same as picture deo hoise btw thank you sir.ato sundor akta review deor jonno,77,1
Received in good condition product i think It's also work good.,63,1
nice products and very soft.,28,1
average need update  quality of product,39,0
"dhonnobad seller ke, jodio onek din por review dilam.",53,1
detergent ta vlo apnarao nite paren packaging o vlo chilo taratari peyechi haate use korar por review dilam.,108,1
masallha kahb kajar akta porodat,32,1
cleans well but keeps residue. not suitable for machine use,59,0
Ei taka diye onno kichu kinle bhalo hoto.,41,0
good product regular use kori smoke nei,39,1
Product ta purono. Dust pore ache. Used item.,45,0
Thanks Daraz for ruining my day.,32,1
"Amar taka ferot chai, joto shiggro shombhob.",44,0
daraz nirash krlo,17,0
"faltu prod!! sound quality ekebore baje, copy prod dhoriaye diyeche 😡",69,0
Daraz has lost a customer for good.,35,0
I'm literally birokto with Daraz.,33,0
onno jaga akhane dam kom r khub soft,36,1
assalamu alaikum bhai Ami jamon pic ey dece thamone paice alhamdulillah onk vlo airport tah and onk posndo hoyca airport sound quality onk vlo Jak vlo paice😊🤎✨,159,1
shelf assembly instruction boro confusing. 2 hrs lage assemble korte,68,0
"Nomber one piece and product ❤️❤️❤️
I love to muchs 😊😊",54,1
"prothome i bolchi maal valo, kintu ek kaaner sound beshi aarekk kaaner sound kom. seller er shathe jogajog korar pore o kono shomadhan dei nai.",143,0
purai duplicate prod!! daraz er uchit ei seller k delist kore deoa. faltu 😡,75,0
Alhamdulillah valo.. Date O Ache..,34,1
pages kub vlo chilo & product tao vlo.  je keo chile nite paren,63,1
onek vlo ekta product apnara chaile nite paren👍,47,1
ONEK VALO ABON ONEK TARATARI DISE,33,1
"faltu jinis!! 1ta baje, arekta kaj kore na 😡",44,0
Return policy ta pura maze.,27,0
"eto valo nah, mosha morena.",27,0
daraz voucher apply hoy nai!! cart e add korlam but discount ashe nai,69,0
"Product hat theke pore gelo, bhenge gelo. Fragile.",50,0
dam hisebe khub valo kaj kore onek bubble hoy.packaging valo chilo.,67,1
thanks for daraz and Sellar men khubi valo product /,52,1
onk vari ..bohon kora kothin,28,0
Thanks a lot Star Ship for there So Good product.,49,1
"Product ta motamuti valo chilo, use kore review dibo",52,1
gondh ta ektu kharap holeo washing machine er jonno thik ache,61,0
product hisebe valo ache kintu charge hote onek shomoy lage ebong charge beshi khon teke na.,92,0
Size chart bhul. Kothao fit hoy na. Return kora o jhamela.,58,0
Ei product ta kono kaje lagbe na.,33,0
thikthak chilo r onek kom price e offer e peyechi thanks seller k,65,1
"Hotash, hotash, hotash! R kichu bolar nai.",42,0
podak ta  khubi Valo,20,1
"11.11 te 60 tky peyechi, product o fresh produced.",50,1
"alhamdulillah All good. 
thanks to the seller and Daraz.",56,1
thank you sir.ato sundor akta review deor jonno,47,1
this product is received at broken status. please arrange a replacement. thanks.,80,0
"khub ekta valo na, motamuti.",28,0
review a dekun ja ase tai disi btw thanks for the feedback,58,1
"jamon ta cheyesilam temoni, product ti vlo. onek useful.",56,1
jemonti cheyechilam temonTii peyechi. 100% Recommended. chaile apnarao nite paren🥰,82,1
"osombhob valo gulop gulo. shotti khub valo, 9 ghonta ei group gulo protect kore. nihsondehe nite paren sabai.",109,1
order 3 pcs. Extremely good. Sei.... motion view rocks,54,1
normal detergent er moto. dam hisabe valo bola jai,50,0
Best quality.thank you,22,1
"Ei product bekar, taka nosto.",29,1
ekdam baje.,11,0
Daraz er name kharap hocche ei shob jinisher jonno.,51,0
Thank you Daraz for this horrible experience.,45,0
Daraz er man kme jcche,22,0
Ami toh money back guarantee o pabo na.,39,0
"packaging valo chilo na!! khubi baje pkg, normal polly 1ta te diyechilo, prod fete vitore ja chilo shob bere gece 😤",115,0
Ekdom bekar. Ami shokto bhabe recommend kori na.,48,0
"packaging khubi kharap chilo!! pkg chhera chilo. prod valoei ache bt pkg baje + delivery location thik jaygay dey nai, onno jaygay giye ante hoiche 😒",149,0
khankir basha faltu jinis dice,30,0
packet chira chilo.chira packet scotch tape diye lagiye dise.  use korlam.valoi laglo.price onk kom.,100,0
fabric quality khub valo!! stitching tao neat. satisfied customer,65,1
"good 
.not bad.. avarage quality.....",37,1
dam hisebe khub e valo detergent. onk valo fena hoy smell ta o valo.use kore review dichsi.,91,1
Size match kore na. Khub tight / khub loose.,44,0
aita vitore dola pakano  akto motamoti chole dame onojai valo,61,0
Daraz tader customer haracche,29,0
"Wrong color, and also not so good quality.",42,0
Kine eto regret. Ki j hobe!,27,0
Daraz review system transparent na. Shob paid.,46,0
Ei product ta kenar cheye na kine thaka better chilo.,53,0
"good product,my son loves it",28,1
baby der teeth er jonno khub e important products,49,1
But people need to know the truth.,34,0
ordered last month still pending... customer care o response dey na. disgusting service,87,0
3 maser bacchar jonno aktu boro..valo nahhhhhh,46,0
"discount price washing powdergula nilam,,aibar use kore valo lagle,,aro koyekta order korbo..",93,1
Amar mone hoy seller ra puro jal product beche.,47,0
Warranty card e kichu nai. Ki trust korbo?,42,0
same payase jemon ta Chaya selam temon tai paya se rider onek valo,66,1
alhamdulillah original product payeci..... sounds quality change backup khubi e valo,84,1
onek useful nite paren,22,1
"babohaar er age review ditechi, pore update korbo. 1st time ei company r product kinlam. age rondhonu use kortam. khub sundor safe packaging✅ packet e daam likha 70tk, kinechi 55 takar kachakachi. poryapto meyaad ache, notun product✅ delivery khub khub khuuboi druto pelam.",273,1
Camera quality shobcheye kharap. Pixel fatar!,45,0
keyboard ta pai ni,18,0
Vary Good product.. Good product in low price.. Thank You saler.,64,1
"bhai keu kinben na!! faltu jinis, cholena, charge neyna, on o hoy na 🚫",70,0
"sob thik cilo, Masallah",23,1
Alhamdulillah vlo service price onujaiye,40,1
amr hotasha chad er opor,24,0
packaging ekdom pro level!! item o perfect condition e peyechi. thnx seller,75,1
Daraz er uchit ei seller ke ban kora.,37,0
Offer a 90tk kore 1 kg niyechi. Khub e valo. Baire 130 taka kore kg.. Budget friendly,85,1
 kud choto,10,0
thank you sir.ato sundor akta review deor jonno,47,1
"Ai earphone ta dekhay akta product r dey r akta product. tader aita kora moteo uchit na, daraz er kono kisu kokhono khuilla dekha jay na ai jonno ami deikkha anteo pari nai basay ainna dekhi ami jeita odder dici oita na onno ta dice aigula ki vai😡😡😡
ami akta product 5 takay kini r 5000 takay kini jeita odder dibo oitai to dewa uchit seta hok quality kharap hok valo. amra sobai jani je amra kom takay ja kinbo oita ektu kharap ba jekono rokom hotei pare but ai jonno akta dekhaiya onno ta dewa aita kemon 😡😡😡😡😡
faltu frot mittha badi",535,0
good product and price is 50% off that's very good,50,1
"very useful product for baby 
excellent...",42,1
Kintu ami chai shobai truth januk.,34,1
"Good product love the smell, but should bring different colors and smell, price should be 40 tk per soap.",105,1
Gift deyar moto jinish na. Loony hoye gelo.,43,0
"this is good as its price,  You can buy it",42,1
khub shundor sonai nite paren.dhonnobad daraz k,47,1
khub sundor ame ai gula nisi ai page thake khub e vlo r kajer o,63,1
khub e valo proeuxt,19,1
"ayan's Enterprise BD,,,,,,,,, chat bar bar bollam je black colour dite o dise amre  or nanir sawwa colour",105,1
"I'm so frustrated, I could scream.",34,0
2nd baar kinlam. dokaan theke onek kom daame peyechi.,53,1
spice packet boro kharap quality. smell r taste nei,51,0
jemon ta dekhci temon e paici tnx to seller.,44,1
It’s good and reasonable for the price,38,1
ata vlo,7,1
"NOT BAD.BUT MONE HOSSHE BESHI VALO HOBE NAH...HOPE IT WORKS WELL IN SHA ALLAH..!!!
SIDE EFFECTS NA THAKLEI HOY💥💥💥💥",114,0
khubi baje prod!! keu neben na 🚫,32,0
Daraz ekhon amar blacklist e.,29,0
Valo na ekdom valona moteo Valo na khasta Valo na onek valo na,62,0
allhamdullah onek valo product . jemon ta cheachi thik temon. ami khusi,71,1
jemon ta chaisilam temon e paisi onek vlo sobai nite paren,58,1
"khuboi valo product, kom daame peyechi, free te druto delivery peyechi.",71,1
Seller er honesty zero. Pura bepar ta fraud.,44,0
The material feels cheap and flimsy.,36,0
toy ashlo broken condition e!! child safety niye daraz serious hoa uchit,72,0
"Ami onek din dhore Daraz er customer, kintu erom experience age hoy nai.",72,0
the counting part is neither friendly nor easy to use.,54,0
Akhon theke dokane giye kinbo. Online e trust nai.,50,0
"valoi mone hocche, clear shuna jay. charge o valoi thake. dam tulonay valo product.",83,1
good Thank you,14,1
Good Products. best sarvice daraz..,35,1
sounds quality and charge backup just wow,41,1
peyechi kintu ekhono babohaar korini.,37,1
"Bhai Original Air birds ,,, ajk hata pailam . seller bai k thanks sound quality o vhalo 🖤
price onek kom 
keo chaila Nita paren",127,1
valo nite paren✅,16,1
"pelam within very short time, Let's see before used",51,1
skipping rope handle 3 din e break kore gelo. cheap plastic,59,0
Allhamdulillah Valo product sobaai nite paren❤️,47,1
Any 3 store e 1 kg matro 95 tk kore lagche.  Sathe free delivery.,65,1
A good & average face wash for men with a lower price and good fragrance. Cleanse good. But it can't clean deeply and can't exfoliate the pores. You can get instant freshness and a little bit of glowing skin for a while. Slightly recommended.,242,1
"Open box delivery, security nai.",32,0
boxing gloves stitching loose hoye gece already. quality poor,61,0
Ami jantam na Daraz e erom faltu jinish o beche.,48,0
"overall very good, best around 1000tk budget. sound s above average. lows are bit on downstairs. though app is here to save you. battery backup is amazing. easy 30+ hours at mid vol. vibration feature is also useful. overall 7/10. win win situation.",249,1
It was good experience to purchase from the seller.,51,1
delivery man was so good as so  the product,43,1
board game rules clear!! family te onek enjoy korsi. recommended 🎲,66,1
"ei baar daamt ektu besi niyeche, jinish valo i, ageo niyechi.",61,1
"valoi, onek baar niyechi, shob shomoyo valoi pere.",50,1
"Packaging valo chilo, product o valoi peyechi.",46,1
thank you daraz,15,1
"product is good, but 1 ta packet chira chilo",44,0
facewash ta Alhamdulillah onek valo paisi. Apricot seeds deya ase. Valoi mone hocce skin ta bright kore . Recommended,117,1
Product e ekta strange smell. Use kora impossible.,50,0
Seller misguide koreche. Wrong info about product.,50,0
"perfect, khubi valo product keu caile nite paren",48,1
product ta khub joldi peyechi .. 26 sal projonto meyad jemon ti dekhcji temon e peyechi,87,1
valo product ageo nicilam.. sathe gift o pelam,46,1
My experience with Daraz keeps getting worse.,45,0
Exp Date 2028 ....tnx,21,1
ashol e sottyi khub valo ekti product. ami khub shontusto. chaile sabai nite paren.,83,1
baje product. dui minute pore nosto hoye geche.,47,0
vlo,3,1
Not bad at all considering the pricing & build quality! Authentic product. Really liking it.,92,0
100ml packet kintu 50ml er daame bikri hocche. ashole packet ta ardhek khali!! hatashot na karon jaader joto deoar ichha toto e paben,133,0
Powder ta Ektu normal Mone hocche date over erokom type er,58,0
"Picture e brand name chilo, hate pele generic.",46,0
sneaker quality surprisingly good for this price!! sole strong ache,67,1
"use kore dekhlam khub valo ekta product, apnara nite pareb sovai.",65,1
packaging material waste!! onek unnecessary plastic use kore daraz,66,0
wow nice product just awesome and perfect,41,1
100 % quality full product. I got good results after seven days of use.,71,1
"Picture e dekhechilam branded, haat e peye dekhi local.",55,0
"dami earPods newar icha chilo. free voucher delivery te matro 387 takaay order diyechilam. khub ekta expectation chilo na. kintu hatey paoar por ebong koyek din babohaar er por puro mugdho hoye ggechi. premium quality boxing, sound quality valo. buds e chaar ghontar moto backup. shob miliye shontushto. value for money. dhonnobad seller ke.",341,1
"facewash ta patla + onek ta nile fena hoy na keno jani! moisturizer ta kaj kore, face smooth thake kintu fena hoy keno na shetai problem. fena na hole issue nai nite paren. daraz theke onek bash kheyechi 🥲",205,0
quality ato bhalo na,20,0
kom dame ekta detergent powder peyechi. kapor kmn poriskar hoi jani na tobe asha kori valo hobe.nice product.,109,1
face wash ta khub gentle!! skin ektu soft feel hocce. satisfied,63,1
"Eta shudhu disappointment na, eta fraud.",40,0
"This product is useless, zero value.",36,0
Amar jibone erom bekar product kinini.,38,0
Daraz er services din din bekar hocche.,39,0
upore sob to thik e ase vitore mal kom hawa beshi baki use korar por dekha jabe,79,0
"onek valo maaner ponno, apnara chaile nite paren, thank you seller.",67,1
onek valo sobai nite paren kono kotha nai ekdom sei Alhamdulillah ❤️‍🩹,70,1
sauce ta onek spicy!! description e medium likhchilo. misleading,64,0
"very nice also delivery time 

I think Daraz should go ahead with customer commitment",85,1
"ami cheyechi airport 2 gen, amake diyeche TWS. ei daame ami loss kheyechi.",74,0
Screen resolution kharap. Chobi fete jay.,41,0
facewash ta vlo packaging o vlo delivery within 3 days outside dhaka,68,1
brush ta khubi valo.onek soft.fast delivered.10/10,50,1
pekejing sundor akhono use kra hyni use kore abaro review dibo insallah,71,0
"very good item, thanks to daraz for give me the best product.",61,1
daam ektu beshi.,16,0
product te asolaw valo.  use kore review decce caile apnara nete paren. trusted page. but wather proof hobe kina jani na ba koto toko wather theke bachabe jani na.,163,1
prod original thikthak bt 1ta packet fete shob ber hoye gece!! jinis valo nite paren bt neowar shomoy khule dekhe neben. 1ta ekdom ber hoye gece. return korte cheyechilam bt keu ashe ni abhi porzonto 😒,201,0
Mal Valo paya chi ja rokom daka chelam,38,1
Picture a jaita dekci oi ta dan ni,34,0
product ok bt smell ta kharap. naya product er smell er moto na,63,0
"Shob photo editing er karshaji, original product puro bemanan.",62,0
Daraz thke r knbo Na kokhno,27,0
ata khoub valo selo meyad bese assay,36,1
"If Daraz cannot maintain quality, then why bother?",50,0
good product according to the price,35,1
"Product ta gola, dust joma. Old stock pathiyeche.",49,0
"Light ta khub dim, shokto kaje kono help kore na.",49,0
Ekta button kaj kore na. Defective.,35,0
5-star review-er jonno onek onek thanks! Offer thakbe – abar visit korben! ❤️,77,1
paint set colors ektu fade type. bright colors expected chilo,61,0
the product is good. I ordered black but they give me blue,58,0
131 taka. khub valo mone hochhe. kaj korche valoi. aalo ghore.,62,1
face scrub ta boro harsh!! skin red hoye gece. for sensitive skin nooo,70,0
"disturb kore charge thake shimito, 40-45 minute. review dekhe niyechilam. bam pasher ta sound atke atke pore, bam pasher ta valo na.",132,0
"alhamdulillah jinishTa onek valo, apnara chaile nite paren.",59,1
ekdom aaje prod!! faltu 😡 onek chhoto + beat box 4 din er moddhe nosto hoye gece,80,0
"package chhera chilo!! baje vabe packet kora chilo. prod quality valo, shobai nite paren",88,0
Product valo chilo. Thanks to the seller. Face wash ta instant bright kore and face er excess oil remove kore. Amar vaiyer jonno niyechilam. Sha pochondo koreche. Thanks to Daraz Bangladesh.,190,1
BALO QUALITY,12,1
vlo sobai nity paren,20,1
"Kine jodi pashchatap korte hoy, tahole kinar mane ki?",53,0
thik thak silo,14,1
duniyate mone hoy eer theke baje kono facewash nei!! pura taka ta loss 😡,72,0
batpar daraz sompurno product dao na,36,1
Mone hoy Daraz ar bhalo product beche na.,41,0
dam hisebe vlo diyece,21,1
"faltu seller!! 1 powder + 2 sabon 6tk er order korechilam, diyeche 2 sabon + 1 powder. daraz e refund complaint korar pore 3ta sabon er taka firt diyeche bt 1ta painai. purai faltu seller. jara neben anboxing er shomoy video korben 😡",233,0
"daam onujayi thik ache bt dhakna laga te ektu kosto hoy, kemon jano ektu fake feel. jara kinben bujhe shune neben!! 1ta facewash er dhakna karon chara e venge gece 😒",165,0
"product er shomoshya ekTai. ek bud kaaj kore, aarekTa kaaj kore na.",67,0
Daraz er quality department ghumiye ache naki?,46,0
goddd product😊💗💖💝,17,1
This product was amazing. Product quality top- notch.,53,1
kitchen rack quality sturdy!! utensils soja organize korte parcilam,67,1
Alhamdulilllah 2ta products ordr korechi khubiy valo,52,1
Gift deyar moto na. Ami lajja pabo.,35,0
hatey peyechi. ekhon daraz er product maan ager cheye onek kharap hoye jacche😡😡😡,80,0
"8/10  motamoti... 
cholar moto thik asa...",42,1
Use kore then review dicci valo chilo better quality 💗,54,1
"Chala dar jonno vhalo 
chaila neta paran 
expire date o onk din ar asa",70,1
"looking awesome & best quality of authentic product... packaging is the best... 
recommended.. after using video in Shahraanishah at fb or yt",141,1
2nd time order dilam face wash ta khub ee  valo,47,1
quality Valo chaile nite paren sobai,36,1
ekdom baje!! 0/10 😡,19,0
onk chip Marka products. mony hoy melay 50 TK Kore sell kore oy taupe. facial korle korle Kono fena hoy na r Kono improve bojha Jai na . sampo moto mone hoy,156,0
"Money back guarantee chilo, kintu ami pabo na.",46,0
Good buy with cheap rates 😉 happy shopping,42,1
"product photo r actual product er modhye heaven-earth difference!! photo te premium, hatey peyechi plastic toy quality",118,0
"babohaar korchi, kharap na, motamuti val.",41,1
Very nice product. Please enter at least 30 character to get 100 coin ☺️,72,1
location onujayi delivery deoa hoy na keno?,43,0
products ta dekhe mone hoitase original akon use kortesi pore review debo,73,0
Hm jinis ta valo but jei colour caici oita dey nai,50,0
shotti darun product! delivery khub druto chilo ebong packingo chomothkar chilo. daraz er shathe amar prothom onubhob shotti osadharon. dhonnobad daraz. shobar jonno highly recommended!,185,1
"1 . dekle mone hoy Vitor ta Khali Khali
2. fena hoy naaa 
3 . porimane besi lage
4. thank you apnader SOMOY er Jonno",116,0
smelta khub ekta valo na.,25,0
ki ar rivew dibo discount pailam nia nilam,42,1
"Sound quality ato kharap je gola shuni na. Speaker na, speaker er khosa.",72,0
"valo, motamuti, apnara chaile nite paren.",41,1
not good don't buy if your money is important to you,52,0
bhai prod pailam nai kintu dekhacche delivery hoye gece!! parcel gelo koi?? ki problem 😕,88,0
after 8 days i pick my oder. i oder black but came orange coloure. i masage seeler but he didn’t' replay me..... but handgriper is good.,136,0
good kom dam a payechi nita paren recommended,45,1
sei vlo,7,1
"Good Product, Nice Fragrance, Receive In Well Condition, Very Fast Delivery, Thanks To The Seller & Daraz.",106,1
valo.baccha pochondo korche. but chobi te jei item gula ache oigula same to same nai,84,0
"facewash ta eto valo na... 
use korar por kono change nai..pimple o jay na",74,0
Daraz theke ar kichu asha kori na.,34,0
good product according to price,31,1
coil ta valoi...kom price e peyechi...thanks,44,1
xoss❤️❤️,8,1
eto kharap hobe vabinai!! secondhand maal maybe. tarer 1 side problem + onek jaygay ghosa maja er dag. sound quality last bar er moto bt halka,142,0
"Dam kom chilo, kintu jinish puro bekar.",39,0
Kono kaje lagbe na ei product.,30,0
Daraz full of fraud sellers.,28,0
"Money back guarantee chilo, kintu ekhon kichu bujhi na.",55,0
storage box quality durable!! lid o tight. satisfied with purchase,66,1
"products perfect ✅ 
Delivery time and delivery man r behavior 10/10

but black colour order korechilam black colour dey ni
even message r response nei seller r ❌",161,1
valo ..shobai use krte pre. .,29,1
"onek sundor ekta product, amar khub pochhhond hoyeche.",54,1
"ekebore baje!! 4ta kinle 1ta gift deowar kotha, kintu sei ta dey nai!! 😡",72,0
Original facewash and got at a low price,40,1
1 packet er mrp 70tk kintu daraz e 2 packet 320tk mane proti packet 160tk mrp dekhiye 68% discount e bikri kore protorana korche.,129,0
product ta bhalo apnara chaile kinte paren apnader pimples dur korer jonno.,75,1
Packaging was good. Overall product is good. Smell is new but it’s okay I will get used to it.,94,1
"1ta kan nosto!! review valo dekhe nisilam. charging cable o deyni!! nosto taka dei nai, prod nosto keno?? seller ki steps nebo dekhi",132,0
shaar apnake onek dhonnobad sundor review deoar jonno❤️❤️❤️❤️,61,1
kom dame valo jinis. tobe ektu boro bacchar jonno temon effective na.,69,1
Ami ei purchase er against e.,29,0
"Product shob chobite jemon, real e pura alada.",46,0
motamuti valoi kintu daamt mone hochhe tulonamulokvabe beshi.,61,0
valo💜,5,1
"Cheap quality 🤮
2 din a e nosto hoye gese.
Waste of money",57,0
"alhamdulillah hatey pelam. onek khon chaliye dekhlam, kom takar bhitore valoi ache. dhonnobad daraz.",100,1
"dhonnobad daraz ebong seller ke ami jemon cheyechi temon deoar jonno. abar o order dilam, ekhono ashe ni.",105,1
"Installation manual ta puro Hindi/Chinese e likha, English e kichu bujhi na.",76,0
product receive korte giye dekhi parcel already khola!! anboxed condition e dise. ekdom unacceptable 😡,102,0
Valoi ache.🙂,12,1
"eto kom dam e eto joss ekta product...😍
i loved it...ei niye 5kg newa hoice..aro 2kg order dewa ache..onk din meyad o ache..dhonnobad seller and daraz k..",154,1
"the quality wasn't good, the sound system wasn't working at all😣😣😣",66,1
1 din er modde akta spiker nosto,32,0
Daraz e keno erokom cheap product beche?,40,0
daraz app navigation boro easy!! find kora easy products. smooth experience,75,1
packaging ar kheal korte hobe!! detergent 1ta chhire gece. ei rokom hole customer er loss hobe 😒,96,0
"ei coilta onek valo, apnara sabai janen, ami o thik moto peyechi, seller ke dhonnobad.",86,1
"ei prothom daraz theke product nie protorito holam, kharap laglo. ekdom baje product diyeche ar vanga.",102,0
Very good product. I satisfied this person. Delivery man is also a good person. Very good product✨✨✨,100,1
received in good condition..vlo jinish,38,1
✅✅🥳🥳Good product in lo bujet. thanks daraj seller best of best Good products ✅✅🥳🥳but delivery to leat so Rong❌❌🤬🤬,113,1
fabric soft ache bt stitching quality khub kharap. 1st wash e tore gelo,71,0
"Motamuti Tamon vlo o na Abr KHUB baje O Na"" Choloman.",53,0
Product onek heavy. Haate dhorte pari na.,41,0
Seller ekta fraude.,19,0
the item seems good,19,1
onek valo product,17,1
osadharon,9,1
" late delevary diyace...
",25,0
good according to the price,27,1
ok..very good product at this price..,37,1
very gd products iam satisfied with products quality,52,1
product motamuti valo but not satisfied with the seller. karon seller Amar Kono message eri reply day ni just seen kore gese. keno vai apnar reply dite somossa ki r seller ke black colour dite bolsila Ekta Kotha o sune ni idiot.,228,0
"3 din age ekbar order kircilam, valo laglo tai abar order korlam.",65,1
khoob Bhalo product chilo. seller bhai khov Bhalo.,50,1
Seller er kotha bolar dhoron khub kharap.,41,0
Alhamdulillha received it in 20 hours. All product's quality are very good☺️.Also the delivery man's behavior is very good.I request Daraz all necessary items should be in stocks.,179,1
"Just After using This Brightening licorice face wash my nephew's face skin feels so light and velvety soft smooth, and it's lovely aromatic scent is just wow, love it 🫠 I both this men face wash for my nephew and he just love it 💖",230,1
daam onujayi jinish valo.,25,1
"When I received it, I was heartbroken as there was no keyboard with it. but now, using it with my Honor Pad X7 via Bluetooth , I am impressed. It comes with a usb dongle which I don't need to use at the moment. It also supports WIFI 2.4G. It's a wonderful gadget. I would be very happy If I could have the keyboard along with it as a pair.",339,0
"good to see,how it performs that is the matter",46,1
"delivery man valo chilo, products sob tik ase but derite paisi, sobay nite paren,",81,1
orginal product and two mini hair oil free,42,1
"tnx daraz, purchase + delivery te valo service peyechi. bt oraimo neckband lite te ENC feature er kotha ache kintu shada nig band er motoi mone hocche, ENC kaj kore na 😒",169,0
Kichu bolar nai valoi kharap na onek nichi 2 yr e,49,1
dam hishebe onk premium feel korben... recommended,50,1
Packing was good. Delivery was also fast. Delivery man was also showing his patience. Wishing you Good luck!,108,1
sundor r onk soft,17,1
valoi hoyto  nite paren apnara sobai,36,1
packaging onk valo chilo product tao thik thak peyechi date o lomba ache 2027 shal obdi overall very good,105,1
"Courier service too bad. Packet chira, jinish ber hoye geche.",61,0
fast delivery. cheaper price than market. nice packaging. delivery system was too good. delivery Man behavior is also very good.  everything is ok. thanks.,155,1
kaporer smell onek kharap. dry clean korte hobe sure,52,0
onek sundor...😍😍😍😍,18,1
 tobe chole kono rokom.,23,0
Wrong item pathiyeche. Keno?,28,0
Alhamdulillah valo,18,1
"Valoi ase powderta, Apnara chaile try korte paren 👍",51,1
Rong uthe geche. 1 day use. Horrible.,37,0
"Jibone konodin Daraz theke r kichu kinbo na, promise!",53,0
khubi nimno maner,17,0
"Hotash, ekdom hotash. Kichu bolar nai.",38,0
Onak valo akte kapor dhoar poudar chaila apnara sobi neta paren,63,1
eto baje packaging. shob nosto hoye giyeche. Very bad packaging.,64,0
It so good bro,14,1
onek valo ekta product.,23,1
"Onek din pore order receive korlam, ar dekhi product ta broken.",63,0
cycle helmet child er size e fit kore nai. size chart misleading,64,0
"using, don't know how much longer it will last",46,1
Charge thakena,14,0
Delivery boy ruder chilo. Packet chireche.,42,0
"smell ta boro kharap, chemical er moto!! mukhe deoar 5 min e burning feel hocche. skin irritation shuru hoye gece 😨",115,0
"Alhamdulillah blo cilo,💯🙂",25,1
valoi kharap na kintu expensive 🥲,33,1
Good service and good product thank you all💋,44,1
Khub disappointed. Amar expectations er theke onek niche quality.,65,0
onk balo,8,1
Daraz er QC team ki kore? Ghumiye ache?,39,0
ekdom baje!! charger chara headphone dey kivabe?? pkg kore ja se dekhsune korbe na? eto baje lagche bhai 😤,106,0
lombar product.,15,0
Got the exact product tnx to seller,35,1
"Satisfied with the product,Fast delivery",40,1
"perfume bottle ashe nai, just liquid ashe bag e. packaging zero",63,0
eyeliner tip broken condition e ashlo. poorly packed,52,0
missing parts ... not same as picture ... house module 3 ta dekhtesi picture a ... ekahne ache duita ... and kichu tile missing,127,0
"coilta valoi karyokori. mosha thake na, ar dhowao kom.",54,1
"zip ta 1st use e atek gelo!! 800tk er bag, 1 din use korte pari ni. seller reply dey na. money gone 😡",101,0
2 weeks dhore use korchi valo produt chaile nite paren🤍,55,1
poriman lagche beshi + dekhen arcthek i nei vitore!! dhoka dicche customer der 😡,80,0
aikane ghor dekano hoise 3ta kintu dewa hoise 2 ta ata tik noy,62,0
Ekdom bekar product. Ami reject kori.,37,0
storybook illustrations beautiful!! child r raat e ghum ashe na parar age 😄,75,1
"hatey pailam, babohaar kore bujha jabe ki rokom.",48,1
"sound quality valo,cable ta motamoti valoi hard",47,1
Daraz app uninstall korbo. Kono kajer na.,41,0
"original product 
apnara nete paren 
performance just wow",57,1
the product was good and delivery was also good value for money.. delivery man was patience and helpful,103,1
"ekta screw missing chilo, product assemble korte parlam na!! seller ke bolsi, bole na jani na. pathetic",103,0
ami vabteo pari nai je eto valo hobe ..alhamdulillah .je colour bolechi oi colour paisi..2 diner modhe delivery paisi ..seller 100% trusted..apnara jara nite chan nite paren ..ei bajet e best ekta neckbend...delivery man o valo chilo.sob mile 100/100,250,1
89 takay niyechilam per piece... best products... but packaging not good.,73,0
Ei jinish kine jiboner shobcheye boro mistake korlam. Taka nosto.,65,0
"khub baje product 
nosto light diye amy",39,0
"product bes valo 
packing sundor silo 
delivery fast peyesi 
Thanks seller k",76,1
Same product peyechi,20,1
valoi.... kharap na,19,1
"charge thake na ekdom🥺 ar shob thikoi ache, daam hisabe.",56,0
valo prod. bt prob ta holo valo review dile daam bariey dey!! ekta shomossha 😒,78,0
ekdom baje ponno!! charge deowar kichhu nei 😡,45,0
ami atho dam diye nichi akon on hoy na charg dekay kintu on hoy na,66,0
Excellent 👌🏻 Product 190 Tk r best products,43,1
malta valo ace,14,1
parcel er obostha ekdam baje. dekhe monehobe parcel er kono care kora hoy ni.,77,0
"Weight onek beshi, niye jete o shomoshya.",41,0
"seller genuine prod diyeche tnx!! bt daraz er uchit delivery company niye sotorok thaka!! paperfly ekdom baje courier, shobsomoy late kore + delivery ultopalto vabe dey 😤 prod niye complaint nei, date 2027 porzonto, sabai nite paren",232,0
alhamdulillah hate pailam bakita bebohar kore buja jabe.,56,1
thank you sir.ato sundor akta review deor jonno,47,1
Vibration onek beshi. Use korte uncomfortable.,46,0
jemonta order korsi temonta deyni!! baje prod. roja mas kichhu bolte o parchhina. takar chulokayi thakle nite paren 😒,117,0
Not bad vloi price hisabe.,26,1
Valo silo but jhamela ase kew na kinle valo hobe,48,0
gripper ta onek valo chaile apnara nite paren,45,1
"Product ta notun na, used product pathiyeche. Ekdom scratch chilo.",66,0
Good quality nite paren,23,1
Dekhe valoi mone holo....Use korar por bujajabe....,51,0
hoodie ta soft and warm!! exactly what i needed for winter. lovee it 💕,70,1
Customer loyality Daraz er nai.,31,0
rating system manipulate kora hoy mone hoy!! fake reviews boro beshi,68,0
"order korechilam white, diyeche off-white. noticeable difference ache",69,0
Ei product diye ami ki korbo? Kono kajer na.,44,0
"Quality khub valo,original product",34,1
Seller pura dhokabaj Fraud company.,35,0
"smell is good, fan of this product for last few months",54,1
juice bottle leaking chilo!! half waste hoye gelo already,57,0
"Good product perfectly warking.
Thanks.",39,1
1 kg 100 takay paichi.. 3 ta order diyechilam free delevari carg .....,70,1
Alhamdulillah jemon chaichi temom e paichi thanks,49,1
leak hoye ber hoye gece!! 😤,27,0
Good quality product. The finishing is perfect.,47,1
Very Good According to the price.,33,1
"Packaging ta baja..2 jaygay fata pora gaca akn...babohar kora dakhi kmn hoy. 
packaging ta aro valo korta hoba..",112,0
Original product bole duplicate pathiyeche. Barcode o scan hoy na. Cheater!,75,0
Return policy ta ato jhamelar je mone hocche jinish ta phelai diye notun kinbo.,79,0
akhono use kore dekha hoy nai. ajke hate pelam.,47,1
"Total 120 taka legeche, bhaloy ei price range e, gaye price tag deya chilo 190 and expire date o enough. there is a kintu! which is seal kora chilo na sathe mone hoyeche onek tai faka, jemon ki ekta theke ordhek kore onno arek tai load kora hoyche emon.",253,1
khub valo product and dam o onk kom.. r date ache 2026 years porjonto.. khub fast delivery asche.. tnq eto taratari delivery deyar jonno..,138,1
Review system ta puro bekar. Daraz er shob jhoot.,49,0
hotat kaj kore na,17,0
jacket er zipper 2nd week e atek gelo. poor finishing quality daraz seller,74,0
trash can lid hinge 1st week e loose hoye gelo,46,0
khub valo. khub sundor.,23,1
"Ami ekhon ki korbo bujhte parchi na. Jinish ta o bekar, taka o gelo.",68,0
Mone hoy Daraz ar bhalo product beche na.,41,0
This product is excellent — easy to use. It exceeded my expectations and offers great value for money. Highly recommended to everyone!,134,1
alhamdulillah  jemon vabsi temon paisi sukria 🥰,47,1
Bulb 2ta ash bar kota ashse ak ta ta o fata dibar kota tader disen pin er asudami koro ni manush ki free te nay tk lage na nite naki,132,1
alhamdulillah khub sundor products.,35,1
"alhamdulillah i m satisfied i recommended everyone, thanks seller and daraz.",76,1
the airdods sound is very good Apnara chaile nite paren,55,1
"bhai ki eta? eto durnoiti keno koren. keo neben na, valo na. box vori korar jonno lohar tukra diyeche. taka apacho na korte chaile keo neben na. faltu.",151,0
product ta vlo chilo,20,1
akdom vlona ami 3 din ar besi chalaile pari nai,47,0
"it's a good product, I can also recommend for other people",58,1
Ami ato frustrated je chichabochcha korte ichcha korche.,56,0
saree color fast!!! 1st wash e r color ja berolo pani r shathe. waste,69,0
Ami Daraz app uninstall korbo. Ei bepar er pore.,48,0
best .... literally unbelievable at this price..,48,1
amar ponno ta ekhono hatey pai nai. seller ke SMS dicchi kono reply pacchi na. delivery man er number e call dicchi kintu call jacche na. emon hole ki daraz theke order kora jabe?,179,0
good product. sovai nite paren,30,1
onek vlo ekta product ar selar vai onek vlo first delivery,58,1
Product Onk vlo sound quality onk vlo,37,1
"original product nah,,",22,0
"Order number ta diyechilam, kintu order tracking kaj kore na.",61,0
kharap prod diyeche!! tube er vitore arthek i nei 😒,51,0
thank you sir.ato sundor akta review deor jonno,47,1
samne bar wheel powder gulo ektu valo vabe den!! ei baar wheel fete shob parcel er jinis nosto hoye gece 😡,106,0
Don't recommend this product to anyone.,39,0
fake product!! description e likhche original kintu diche local copy. report korbo,82,0
100% working sound and mic duitai vhalo kaj kortese. Thanks.,60,1
Good looking tube and best face wash for this price,51,1
Alhamdulillah product quality jotheso valo. price onek kom pore. recommended.,77,1
Sound quality isn't as good as I expected. I have to use a equalizer for a better experience.,93,1
thank you sir ato sundor akta review deor jonno,47,1
hair oil ta use kore scalp e onek itching. formula agree korce na,65,0
"What a products, Nice products, wonderful",41,1
"good product,,  nite paren,  ata amar 2nd time.neya",51,1
"products Quality Is Very God,,,And Smell Also Very Nice",55,1
Keno Daraz erokom seller der rakhe?,35,0
Ami Daraz e khoroch kora shob takar jonno regret korchi.,56,0
cheap but okayish type of product would recommend buying it though.,67,1
Khub fragile. Bhanga-churar voy.,32,0
"Jodi taka ferot na pai, tahole complaint korbo.",47,0
Daraz didn’t provide the free gift with these delivery items... But all looks good.,83,1
valo chilo......3 ta eksathe niyechi...delivery charge lage ni...sathe abar discount o chilo....,96,1
Gorom hoye jay khub taratari. Use kora dangerous.,49,0
kurta boro nice!! moner moto peyechi. fabric o comfortable. recommended,71,1
ALHAMDULILLAH..qwt,18,1
"cheyechilam kalo, diyechen lal!! delivery o thik jaygay ashe ni, ami agiye porte hoyeche. ei prothom erokom holo 😒",114,0
asholeo khub valo akta product. Daraz ke Dhonnobad 50% Discount dewar jonno.Recommended,87,1
"Order kora jinish na, onno kichu pathiyeche.",44,0
Original bole duplicate diyeche. My bad for trusting.,53,0
"Jara bhalo review diyeche, tara shob jhoot.",43,0
wall clock design gorgeous!! boro elegant. battery includedoo 🎉,63,1
Thanks a lot! Erokom valo support amader chirodin inspire kore. Asha kori abar niben! 💫,87,1
alhamdulillah vhalo..ageo niyeci akhon abar nilam,49,1
"ekTa chole, ar ekTa chole na.",29,0
Return process er name e shudhu harassment.,43,0
product ta ekdom duplicate!! box e original likhse bt vitore local copy. daam o onek beshi niyeche. seller k report korbo,121,0
thank you sir.ato sundor akta review deor jonno,47,1
"Rong dekhechilam ek, esheche arek. Eta ki Daraz?",48,0
thank you sir.ato sundor akta review deor jonno,47,1
"this product is good,, thanks for seller & daraz both.",54,1
"valo na. mosha maranoto duurer kotha, room theke jayoo na.",58,0
counter ta niye chilam alhamdulillah valo porse,47,1
"ei juger speaker e bluetooth system nei, hatashojanak + hashyokhor!! kinar por ekebore hotobbak hoye gelam 😤",108,0
"Chobi te boro dekhiyeche, real e choto toy.",43,0
"soft ache,nite paren",20,1
"Review shob fake, nijer experience alada.",41,0
chair ashlo screws missing!! assembly possible na. return korbo,63,0
😍😍 Valo,7,1
Product broke without any reason.,33,0
chocolate melt hoye ashlo!! box er modhye refrigeration dorkar chilo,68,0
Mashallah onake valo.use kora review delem,42,1
I got what I wanted and this product is good.,45,1
"coilta onek valo, jalale mosha thake na.",40,1
very good quality n products this price,39,1
Onek Akta Products Nite Paren!🤝,31,1
product thik vabe peyechi shate ekta liquid detergent peyechi bhalo chilo use korechi thanks gift er jonno,106,1
t-shirt design ta boro cute!! fitting o perfect. will order more 🙏,66,1
"faltu seller!! kalo tar jonno extra pay korlam, dilo neel ta 😡",62,0
"Jeta delivery holo, sheta ami order kori nai.",45,0
vlohhhhhhhhhjjjjjjjjjjjjjjjdjdjssjjs,36,1
"muta muti Valo products, somoy moto delivery peyeci",51,1
"Onek din pore order pelam, but jinish pura chira.",49,0
onk valo.......porimane besi....forsha hoye gesi dia,52,1
Bhalo product chilo love it olpo takay daraz ei somvob agula ❤️,63,1
Color fade hoye gelo 1st wash e.,32,0
anek valo,9,1
"hatey peyechi, dekhe valo mone hoyeche, charge er bishoyta chalaano r por bujhte parbo.",87,1
ONIK VALO,9,1
Bhai seraaaaaaaaa,17,1
"Duplicate product, original na. Dhokabaji!",42,0
"good product... 
thanks for fast delivery.. 
thank you so much daraz 🥰
thank you so much for everything❤️",105,1
masha allah onek sundor product💕💕 je keo nite paren💕💕,53,1
product is also good this price is perfect,42,1
Daraz e r kinbo na. Basta.,26,0
"Quality ekdom faltu, dam o beshi. Thoka khailam.",48,0
"Eta ekta fake product, plain and simple.",40,0
express delivery pailam!! expected 3 days kintu 1 din e ashlo 🚀,63,1
kapor quality toh masha allah!! wash korar poro o color fade hoy nai. value for money,85,1
ei daame valoei hoiche bt liquid dishwash leak kore vije giyechilo!! thik hoyni. better pkg kora lagbe. redx er delivery byabotha baje hoye jacche,146,0
Thank you so much for this goods. Long expiry date here.,56,1
I would have given 0 stars if I could. The product is broken as the wheel to change the weight doesn't even move. it is stuck at one place which is 5kg. the seller doesn't reply to my text and Is very useless. Do not buy from here as many people had the same problem.,267,0
"dhoka diyeche!! keyboard+mouse ekshate order disi 448tk diye, diyeche shudu 1ta maus!! protarak seller. dhoka khaisi bhai 😡",123,0
khub sundor chilo eta😍,22,1
"babohaar kore dekhini, shobe valo vabe e hatey peyechi, packing sundor chilo.",77,1
nice producs,12,1
daamer tulonay onek beshi valo🙂 apnara chaile e nite paren😊 dhonnobad daraz ke🫵🥰,80,1
Product er smell e matha dhore jay. Head ache!,46,0
"valo, apnara nite paren.",24,1
vhaloi product ta apnara caile nite paren,41,1
"Bhai, personal er Jonno Bhalo onek.",35,1
Scratch ar dent chilo product e. Used.,38,0
onek valo akta product,22,1
just i got my product it’s really  good.this is original and ussaly It's price is very high but i bought its small amount thank you daraz for give us best products. keep it up..,177,1
"products valo, kinte paren. dhonnobad seller bhai ke valo jinish deoar jonno🥰🥰🥰",79,1
coil gulo valo ache. mosha taray. dhowa kom.,44,1
Valo,4,1
ei daame jinishTa onek val peyechi. dhonnobad daraz ke.,55,1
remote car battery drain khub fast. 15 min e shesh,50,0
"quality balo aro balo korle sera hoito,",39,1
Ekta essential part missing. Kono use i korte parchi na.,56,0
amr kache smell vlo lage nai..tobe delivery payche quick,56,1
"mukhe jala korche!! kono kaje nai 😡 kom daame valo kothay hoy, mukh nosto hoye jabe ei diye",91,0
selar k thanks oder ar 2 nd din delivery paice packgin gd quality o gd.. 3 days use korce valo e sobai chai nete paren ...original products dece..thanks daraz&selar,164,1
Keu kinben na ei product. Warning.,34,0
jerokom caici sei rokom paici.. sobai nite paren,48,1
mutamuti val. tobe volume komano barrano jay na. aro onek function kaj kore na. tobe best in money range.,105,1
"good product, on time delivery, expiry date valoi. recommended",62,1
Daraz ekhon fake product er hub.,32,0
price hisabe products ta oenak valo thanks seller ke,52,1
thanks for the product,22,1
diacount a newa dekhe chole but ei price a quality low monw hoi,63,0
sob kisu thik ase but ami order korsi Black Color But amk Deuya Hoise Orange Color,82,0
mosha morena jai o  na,22,0
amazing product. i'm satisfied and highly recommended to others. thanks.,72,1
Ekdom hotash. R ki bolbo.,25,0
"alhamdulillah, hate pelam thanks daraz ke valo akta product deyar jono.",71,1
Uninstalling Daraz app. Bye bye.,32,0
Got it in very low price. The Facewash itself is obviously good.,64,1
nice product 3 ta use kortesei,30,1
ekhon er smell ta valo lge nai ager ta valo chilo,49,0
"mutamuti 
beshi valo nah",24,0
nail polish chip hoye gelo 2nd din e. quality terrible,54,0
"nice product.. ei prothom nilam,use kore update dibo..meyad onk din ache...fast delivery..",90,1
dui jayga futa chilo onekkhani pora gacha. pacaking valo hoy nai,64,1
Product 1 din er moddhei off hoye geche.,40,0
"khub baje ekta product. earbuds er box shompornooshto. 2/3 ghonta charge dile 1 ghonta babohaar. earbuds e onek dag ache, mone hoy age er babohaar kora.",152,0
dokaaner theke kom daame paichi.,32,1
"alhamdulillah daam onujayi 100% valo ache. chaile apnara nite paren. packaging ta onek val chilo, seller er babohaarTa onek valo chilo.",135,1
"Original products. good packaging ❤️
Thanks for fast Delivery",61,1
2027 sal porjonto meyad ase. quality valo. recommend,52,1
"lightTa noshto, baje product, seller er kache eta asha kori nai.",64,0
fabric quality boro kharap!! 1st wash e colour chore gelo puro. rongdhonu hoye gelo kapor 😭,91,0
"onek valo, nite paren.",22,1
Thanks at this price,20,1
"Product er gondho ta khub kharap chilo, mone hochilo chemical diye dhoya.",73,0
"valoi ache, ei daame emon ekta paoa shotti valoi.",49,1
prod oshadharon bt display quality ta ektu kharap!! na hole puro build quality perfect hoto,91,0
onek kharaf kew niyen na,24,0
"good product, ponno ti Amar kache Valo money hoyece",51,1
Overall Goods. I’m satisfied . You can buy this product.,56,1
Bhai product tar quality ta valo but er weight onek kom!!Exercise kora onek shoja!!Jodi tomar grip strength onek kom tahole kinte paro👍.,136,1
not bad working val,19,1
Amar shob kichu waste hoyeche.,30,1
sports shoes comfortable!! sole cushioning effective. running e valo,68,1
Alhamdulillah valo pelam caile niye dekhte paren 💝Thank you daraz 🫂,67,1
Ami ei purchase er jonno onek regret korchi.,44,0
"khub baje ekta product. prothom koyekdin thik moto kaj korche, kintu ekhon bluetooth connect hoy na😢 return o dite parchina, return er shomoy shesh. keu neben na, shudhu shudhu taka noshto.",189,0
bedsheet soft touch!! color o bright. after wash o ok ache. good buy,68,1
"choice store er kache ei asah korinai!! vanga prod pkg kore pathiyeche!! pkg er por vanglei vanga tukra sath thaakto, bt seta nei mane tumi jaante bujhte dichho!! khub dukhkhojanak 😢",182,0
"valo product, ami amar friends ra 8 ta kinechi 8️⃣",50,1
dilam Kalo also green clr 🤡,27,1
touch korlei mone hoy pura plastic er.,38,0
dam besi,8,1
awesome....onk kom takai pelam....valo product....thankyou daraz...thankyou seller,82,1
"vul size, onek boro/choto. Fit hoy na at all.",45,0
Purchase in Daraz 9:9 from the Choice store. Cost 89Tk per 1kg pack,67,1
Daraz er quality control department koi?,40,0
Sudhu brash dise khap dey ni,28,1
Very good and Authentic product,31,1
holder er shathe laganor ek minuter modhye IC pore ekdom chai. ekdom shadaron circuit chara normal light.,105,0
My mental peace is gone because of this.,40,0
multiple orders korsi kintu partial delivery dilo. rest koi?,60,0
valo kinto w8 komano baranor chabi ta low quality hoye gace...👍👍👍,65,0
awesome face wash I am personally using and get a better clean satisfactory outcome is really appreciative,106,1
masala mix smell authentic!! cooking e use kore family satisfied,64,1
"delivery vaiya ta valo ! jei time bolchilen thik sei time e aschen ! Product er packet er obstha kharap eta Daraz company er fault ! ei gula thik kore dewa uchit 

Headphone valo ! Alhamdulillah 😊
charger ta dewa uchit chilo vai 🙂",230,1
"Alhamdulillah! as I expected. value for money
100% authentic product.",69,1
"Offline kinechi ekta, bhalo chilo. Online e srabon.",51,1
"Ei powder ta ami ageu 2 bar nisi, onk valo kaj kore,,, 👍",56,1
bhai ei ta er voucher ekhono asheni 😒,37,0
"😡🥵Khobi baja obostha packaging khobi falto hoisa, 10 ta order korsi lam 3 ta ee fate gasa, aie rokom baje packaging kaw ki kora korta para, daiytobod bolta nai…😡😡🤬😤",164,0
toy car wheel 1st day e khuley gelo. assembly quality zero,58,0
"1 st time purchease korlam..
2 kg niyci..ada kori valo hpby insallah
apnara nity paren",86,1
onek valo product total 200 kg use korsi but akhono kono boucher pelam na syore theke...pele valo lagto,103,1
pant er belt loop already tore gece. 1 soptaho o hoy nai,56,0
toner ta use kore pores dekhte chhoto lagce. promising product,62,1
The hand gripper is veryy nicee andd the qualityy is alsoo good 👍,65,1
darun,5,1
"jodio duplicate powder bt use korle thik ache, nite paren",57,0
Return process too complicated. Akhon ki korbo?,47,0
bal mosa tik moto jay na. tobe smook kom,40,0
"Bhai eke kothai joss ekta jinish dice bolar basha nai jmn caichi tar cahite onk valo dice all over melai joss ekta jinish 💜

tnq you seller bhai k ❤️",149,1
Khub hotash hoyechi. Daraz er upor theke trust uthe geche.,58,0
"daraz ke osongkhyo dhonnobad, kom takaay valo jinish deoar jonno. itemti valo chilo, chaile apnara nite paren.",110,1
Koyek din por por amar starship kina lage .. cha er jonno ekdom perfect onek moja hoy cha. Ami ammu dui jon e kini,114,1
packaging valo cilo na.ekta pura ee nosto hoye giyecilo,55,0
"order korechi multicolor ar apni pathiyechen ek color keno bhai? shototaar shathe byobsha korle unnoti kora jay, noile shorajiban churii kore jaben. shofolta dekhte parben na.",175,0
Data waste hoyeche ei Daraz er jonno.,37,0
Onek sundor❤️❤️,15,1
shera ponno. and tnx ☺️ 😊 😘,27,1
packaging sundor chilo. lightings er modhye theke ekti bati kata diyeche. noshto light diyeche.,95,0
"i didn't get any brush as i ordered,
instead they gave me an extra toy which i ordered 2 of them",96,0
